<?xml version="1.0" encoding="UTF-8"?>
<Interface xmlns:xsi="http://www.w3.org/2001/XMLSchema-instance" xsi:noNamespaceSchemaLocation="../../Interface.xsd">
	<Assets>

		<!--  *************** Examples ( These are defined in the CoreInterface ) ***************  -->
		<!-- <Texture name="shield_texture" file="Textures/ShieldButton.dds" /> -->
		<!-- <Texture name="buttons" file="Textures/Buttons.dds" />	-->
		<!--  *********************************************************************************** -->

		<!-- UOKR Specific Textures -->
		<Texture name="hud_image" file="Textures/00000020_Hud.dds" />
		<Texture name="hud_image2" file="Textures/HUD2.dds" />
		<Texture name="housing" file="Textures/housing.dds" />
		<Texture name="chat" file="Textures/chat.dds" />
		<Texture name="map_parchment_widgets" file="Textures/UO_parchment.dds" />


		<!-- SHOPKEEPER  Textures -->
		<Texture name="ShopBG" file="Textures/shopkeeper/shopbg.dds"/>
		<Texture name="CoinPurse" file="Textures/shopkeeper/coins.dds"/>


		<!-- NEW CHAT Textures -->
		<Texture name="Filter_IMG" file="Textures/chat/filter.dds"/>
		<Texture name="Rubber_IMG" file="Textures/chat/rubber.dds"/>
		<Texture name="Font_IMG" file="Textures/chat/font.dds"/>
		<Texture name="FontSize_IMG" file="Textures/chat/fontsize.dds"/>
		<Texture name="FontColor_IMG" file="Textures/chat/fontcolor.dds"/>
		<Texture name="ChatSettings_IMG" file="Textures/chat/chatsettings.dds"/>
		<Texture name="Bookmark_IMG" file="Textures/chat/bookmark.dds"/>

		<!-- AGENTS Textures -->
		<Texture name="Restock" file="Textures/agents/restock.dds"/>
		<Texture name="Organizer" file="Textures/agents/organizer.dds"/>
		<Texture name="BuyAgent" file="Textures/agents/buy.dds"/>
		<Texture name="SellAgent" file="Textures/agents/sell.dds"/>

		<!-- ANIMATIONS Textures -->
		<Texture name="OverheadArrow" file="Textures/animations/MobileArrow.dds"/>
		<Texture name="CircleEffect" file="Textures/animations/CircleEffect.dds" />
		<Texture name="anim_highlight_glow" file="Textures/animations/highlight_glow01.dds" />
		<Texture name="anim_highlight_glow2" file="Textures/animations/highlight_glow02.dds" />
		<Texture name="cooldown" file="Textures/animations/cooldown.dds"/>
		<Texture name="QuestMarker" file="Textures/animations/QuestMarker.dds"/>
		<Texture name="LoadingUO" file="Textures/animations/LoadingUO.dds"/>

		<!-- HEALTHBARS Textures -->
		<Texture name="HealthbarBg" file="Textures/hbbg.dds"/>
		<Texture name="MobHBHighlight" file="Textures/curr_tgt.dds"/>
		<Texture name="leader" file="Textures/partyleader.dds" />
		<Texture name="mobileBar" file="Textures/mobileBar.dds"/>
		<Texture name="mobilebarDockspot_big" file="Textures/mobilebarDockspot_big.dds"/>
		<Texture name="faceFrame" file="Textures/faceFrame.dds"/>
		<Texture name="targetWindowBG" file="Textures/targetwindow.dds"/>
		<Texture name="status" file="Textures/status.dds"/>
		<Texture name="bars" file="Textures/bars.dds"/>
		<Texture name="Vbar" file="Textures/Vbar.dds"/>
		<Texture name="blackBg" file="Textures/blackBg.dds"/>
		<Texture name="HPBg" file="Textures/Health_Bar.dds"/>
		<Texture name="HPFill" file="Textures/Health_Bar_Fill.dds"/>
		<Texture name="HPOverlay" file="Textures/Health_Bar_Overlay.dds"/>
		<Texture name="ManaBg" file="Textures/Mana_Bar.dds"/>
		<Texture name="ManaFill" file="Textures/Mana_Bar_Fill.dds"/>
		<Texture name="ManaOverlay" file="Textures/Mana_Bar_Overlay.dds"/>
		<Texture name="StamBg" file="Textures/Stamina_Bar.dds"/>
		<Texture name="StamFill" file="Textures/Stamina_Bar_Fill.dds"/>
		<Texture name="StamOverlay" file="Textures/Stamina_Bar_Overlay.dds"/>
		<Texture name="dead" file="Textures/Spirit_Ghost.dds"/>
		<Texture name="LatencyBar" file="Textures/Latency_Bar_Fill.dds"/>
		<Texture name="TargetBar" file="Textures/targetBar.dds"/>
		<Texture name="PartyBars" file="Textures/partyBars.dds"/>		


		<!-- MAP Textures -->
		<Texture name="CompassTexture" file="Textures/compass.dds" />
		<Texture name="compass" file="Textures/UO_Map_Large.dds" />
		<Texture name="compassNeedle" file="Textures/compassneedle.dds" />
		<Texture name="TMapBG" file="Textures/mapBG.dds"/>
		<Texture name="TMapOverlay" file="Textures/mapOverlay.dds"/>
		<Texture name="MapX" file="Textures/mapX.dds"/>


		<!-- HOTBARS Textures -->
		<Texture name="hotbaralert" file="Textures/hotbaralert.dds"/>
		<Texture name="BrightHandle" file="Textures/Handles.dds"/>

		<!-- HOTBARS SLOT Textures -->
		<Texture name="Button_Frame_01" file="Icons/actions/Button_Frame_01.dds"/>
		<Texture name="Button_Frame_02" file="Icons/actions/Button_Frame_02.dds"/>
		<Texture name="Button_Frame_03" file="Icons/actions/Button_Frame_03.dds"/>
		<Texture name="Button_Frame_04" file="Icons/actions/Button_Frame_04.dds"/>
		<Texture name="Button_Frame_05" file="Icons/actions/Button_Frame_05.dds"/>
		<Texture name="Button_Frame_06" file="Icons/actions/Button_Frame_06.dds"/>
		<Texture name="Button_Frame_07" file="Icons/actions/Button_Frame_07.dds"/>
		<Texture name="Button_Frame_08" file="Icons/actions/Button_Frame_08.dds"/>
		<Texture name="Button_Frame_09" file="Icons/actions/Button_Frame_09.dds"/>
		<Texture name="Button_Frame_10" file="Icons/actions/Button_Frame_10.dds"/>

		<!-- PAPERDOLL Textures -->
		<Texture name="paperdollBG" file="Textures/paperdollFrame_New.dds"/>
		<Texture name="paperdollLock" file="Textures/paperdollLock.dds"/>
		<Texture name="paperdollAbilities" file="Textures/paperdollAbilities.dds"/>
		<Texture name="paperdollSheet" file="Textures/paperdollSheet.dds"/>
		<Texture name="paperdollInventory" file="Textures/paperdollInventory.dds"/>
		<Texture name="profileButton" file="Textures/profileButton.dds"/>
		<Texture name="Seal_IMG" file="Textures/seal.dds"/>
		<Texture name="Line_IMG" file="Textures/line.dds"/>

		<!-- BUFF DEBUFF Textures -->
		<Texture name="AdvancedBuffDockspot" file="Textures/advancedBuffDockspot.dds"/>
		<Texture name="AdvancedBuffButton" file="Textures/advancedBuffButton.dds"/>

		<!-- CONTAINERS Textures -->
		<Texture name="colored_grid_backpack" file="Textures/Colored_Grid_Backpack.dds" />
		<Texture name="default_grid_backpack" file="Textures/Default_Grid_Backpack.dds" />

		<!-- GUMPS Textures -->
		<Texture name="Legacy_Buttons" file="Textures/legacy-buttons.dds" />
		<Texture name="Legacy_Gumps_Runebook" file="Textures/legacy-gumps-runebook.dds" />

		<!-- GENERIC Textures -->
		<Texture name="disabled" file="Textures/disabled.dds"/>
		<Texture name="tcTools" file="Textures/tcTools.dds"/>
		<Texture name="Danger" file="Textures/danger.dds"/>

		<!-- Slots backgrounds -->
		<Texture name="SilverIcon" file="Textures/SilverIcon.dds"/>			

		<!-- Paperdoll slots -->
		<Texture name="slot_1" file="Textures/eqi_slot_Head.dds"/>
		<Texture name="slot_2" file="Textures/eqi_slot_Neck.dds"/>
		<Texture name="slot_3" file="Textures/eqi_slot_Sleeves.dds"/>
		<Texture name="slot_4" file="Textures/eqi_slot_RightHand.dds"/>
		<Texture name="slot_5" file="Textures/eqi_slot_Ring.dds"/>
		<Texture name="slot_6" file="Textures/eqi_slot_LegArmor.dds"/>
		<Texture name="slot_7" file="Textures/eqi_slot_Ears.dds"/>
		<Texture name="slot_8" file="Textures/eqi_slot_ChestArmor.dds"/>
		<Texture name="slot_9" file="Textures/eqi_slot_Bracelet.dds"/>
		<Texture name="slot_10" file="Textures/eqi_slot_LeftHand.dds"/>
		<Texture name="slot_11" file="Textures/eqi_slot_Gloves.dds"/>
		<Texture name="slot_11_garg" file="Textures/eqi_slot_Kilt.dds"/>
		<Texture name="slot_12" file="Textures/eqi_slot_Talisman.dds"/>
		<Texture name="slot_12_edit" file="Textures/eqi_slot_Talisman_S.dds"/>
		<Texture name="slot_13" file="Textures/eqi_slot_Footware.dds"/>
		<Texture name="slot_13_garg" file="Textures/eqi_slot_Claw.dds"/>
		<Texture name="slot_14" file="Textures/eqi_slot_InnerTorso.dds"/>
		<Texture name="slot_15" file="Textures/eqi_slot_Belt.dds"/>
		<Texture name="slot_16" file="Textures/eqi_slot_OuterTorso.dds"/>
		<Texture name="slot_16_garg" file="Textures/eqi_slot_Wing.dds"/>
		<Texture name="slot_17" file="Textures/eqi_slot_Shoulder.dds"/>
		<Texture name="slot_18" file="Textures/eqi_slot_Back.dds"/>
		<Texture name="slot_19" file="Textures/eqi_slot_OuterLegs.dds"/>
		<Texture name="square_damage" file="Textures/eqi_state_DamageMedium.dds"/>		
		<Texture name="square_broken" file="Textures/eqi_state_DamageHeavy.dds"/>
		<Texture name="round_damage" file="Textures/eqi_state_DamageMedium_R.dds"/>		
		<Texture name="round_broken" file="Textures/eqi_state_DamageHeavy_R.dds"/>
		<Texture  name="blackBG" file="Textures/paperdoll_BG.dds"/>		

		<!-- CENTER SCREEN TEXT -->
		<Texture name="CST_Artifact" file="Textures/cst_Artifact.dds"/>
		<Texture name="CST_BackpackFull" file="Textures/cst_BackpackFull.dds"/>
		<Texture name="CST_BattleBegins" file="Textures/cst_BattleBegins.dds"/>
		<Texture name="CST_BattleLost" file="Textures/cst_BattleLost.dds"/>
		<Texture name="CST_Beacon" file="Textures/cst_BeaconVulnerable.dds"/>
		<Texture name="CST_BloodOath" file="Textures/cst_BloodOath.dds"/>
		<Texture name="CST_BoneMacheteIsGone" file="Textures/cst_BoneMachete.dds"/>
		<Texture name="CST_Disarmed" file="Textures/cst_Disarmed.dds"/>
		<Texture name="CST_GMArrived" file="Textures/cst_GMarrived.dds"/>
		<Texture name="CST_GorgonLensesAreGone" file="Textures/cst_GorgonLenses.dds"/>
		<Texture name="CST_HonorWearsOff" file="Textures/cst_HonorOff.dds"/>
		<Texture name="CST_LowLife" file="Textures/cst_LowLife.dds"/>
		<Texture name="CST_LowPetLife" file="Textures/cst_LowPetLife.dds"/>
		<Texture name="CST_Panic" file="Textures/cst_Panic.dds"/>
		<Texture name="CST_ServerDown" file="Textures/cst_ServerDown.dds"/>
		<Texture name="CST_SlowedDown" file="Textures/cst_SlowedDown.dds"/>
		<Texture name="CST_Stoned" file="Textures/cst_Stoned.dds"/>
		<Texture name="CST_Webbed" file="Textures/cst_Webbed.dds"/>
		<Texture name="CST_YouAreFree" file="Textures/cst_YouFree.dds"/>
	</Assets>
	<Windows>
		<Window name="QuestMarker" handleinput="false" layer="background">
			<Size>
				<AbsPoint x="9" y="33" />
			</Size>
			<Windows>
				<DynamicImage name="$parentImage" texture="QuestMarker" layer="background" popable="false" handleinput="false" textureScale="0.4">
					<Size>
						<AbsPoint x="9" y="33" />
					</Size>
					<TexCoords x="0" y="0" />
				</DynamicImage>
			</Windows>
		</Window>
		<Window name="MobileArrow" handleinput="false" layer="popup">
			<Size>
				<AbsPoint x="180" y="300" />
			</Size>
			<Windows>
				<AnimatedImage name="$parentAnim" fps="15" texture="OverheadArrow">
					<Size>
						<AbsPoint x="180" y="300"/>
					</Size>
					<Anchors>
						<Anchor point="topleft" relativePoint="topleft">
							<AbsPoint x="0" y="0" />
						</Anchor>
					</Anchors>
					<AnimFrames>
						<AnimFrame id="1" x="0" y="0" />
						<AnimFrame id="2" x="190" y="0" />
						<AnimFrame id="3" x="380" y="0" />
						<AnimFrame id="4" x="570" y="0" />
						<AnimFrame id="5" x="760" y="0" />
						<AnimFrame id="6" x="950" y="0" />
						<AnimFrame id="7" x="1140" y="0" />
						<AnimFrame id="8" x="1330" y="0" />
						<AnimFrame id="9" x="1520" y="0" />
						<AnimFrame id="10" x="1710" y="0" />
						<AnimFrame id="11" x="1900" y="0" />
						<AnimFrame id="12" x="2090" y="0" />
						<AnimFrame id="13" x="2280" y="0" />
						<AnimFrame id="14" x="2470" y="0" />
						<AnimFrame id="15" x="2660" y="0" />
						<AnimFrame id="16" x="2850" y="0" />
						<AnimFrame id="17" x="3040" y="0" />
						<AnimFrame id="18" x="3230" y="0" />
						<AnimFrame id="19" x="3420" y="0" />
						<AnimFrame id="20" x="3610" y="0" />
						<AnimFrame id="21" x="3800" y="0" />
						<AnimFrame id="22" x="3990" y="0" />
						<AnimFrame id="23" x="4180" y="0" />
						<AnimFrame id="24" x="4370" y="0" />
						<AnimFrame id="25" x="4560" y="0" />
						<AnimFrame id="26" x="4750" y="0" />
						<AnimFrame id="27" x="4940" y="0" />
						<AnimFrame id="28" x="5130" y="0" />
						<AnimFrame id="29" x="5320" y="0" />
						<AnimFrame id="30" x="5510" y="0" />
						<AnimFrame id="31" x="0" y="310" />
						<AnimFrame id="32" x="190" y="310" />
						<AnimFrame id="33" x="380" y="310" />
						<AnimFrame id="34" x="570" y="310" />
						<AnimFrame id="35" x="760" y="310" />
						<AnimFrame id="36" x="950" y="310" />
					</AnimFrames>
				</AnimatedImage>
			</Windows>
		</Window>
		<Label name="StatusTEXTs" font="UO_DefaultText_12pt" maxchars="16" textalign="center"   handleinput="false" wordwrap="true" linespacing="18">

			<Color r="255" g="255" b="255" a="255" />
		</Label>
		<AnimatedImage name="StatusGlowingEffect" fps="10" texture="anim_highlight_glow2" movable="false" handleinput="false" layer="overlay" poppable="false" sticky="false" textureScale="1.5">
			<Size>
				<AbsPoint x="220" y="220"/>
			</Size>
			<Anchors>
				<Anchor point="center" relativePoint="center">
					<AbsPoint x="0" y="0" />
				</Anchor>
			</Anchors>
			<AnimFrames>
				<AnimFrame id="1" x="0" y="0" />
				<AnimFrame id="2" x="128" y="0" />
				<AnimFrame id="3" x="256" y="0" />
				<AnimFrame id="4" x="384" y="0" />
				<AnimFrame id="5" x="0" y="128" />
				<AnimFrame id="6" x="128" y="128" />
				<AnimFrame id="7" x="256" y="128" />
				<AnimFrame id="8" x="384" y="128" />
				<AnimFrame id="9" x="0" y="256" />
				<AnimFrame id="10" x="128" y="256" />
				<AnimFrame id="11" x="256" y="256" />
				<AnimFrame id="12" x="384" y="256" />
				<AnimFrame id="13" x="0" y="384" />
				<AnimFrame id="14" x="128" y="384" />
				<AnimFrame id="15" x="256" y="384" />
				<AnimFrame id="16" x="384" y="384" />
			</AnimFrames>
		</AnimatedImage>		
		<Label name="TEXTs" font="UO_DefaultText_12pt" maxchars="16" textalign="center"   handleinput="false" wordwrap="true" linespacing="18">
			<Size>
				<AbsPoint x="170" y="20" />
			</Size>
			<Color r="255" g="255" b="255" a="255" />
		</Label>
		<AnimatedImage name="CursorWarningEffect" fps="18" texture="CircleEffect" movable="false" handleinput="false" layer="overlay" poppable="false" sticky="false" textureScale="1">
			<Size>
				<AbsPoint x="100" y="100"/>
			</Size>
			<AnimFrames>
				<AnimFrame id="1" x="0" y="0" />
				<AnimFrame id="2" x="100" y="0" />
				<AnimFrame id="3" x="200" y="0" />
				<AnimFrame id="4" x="300" y="0" />
				<AnimFrame id="5" x="400" y="0" />
				<AnimFrame id="6" x="0" y="100" />
				<AnimFrame id="7" x="100" y="100" />
				<AnimFrame id="8" x="200" y="100" />
				<AnimFrame id="9" x="300" y="100" />
				<AnimFrame id="10" x="400" y="100" />
				<AnimFrame id="11" x="0" y="200" />
				<AnimFrame id="12" x="100" y="200" />
				<AnimFrame id="13" x="200" y="200" />
				<AnimFrame id="14" x="300" y="200" />
				<AnimFrame id="15" x="400" y="200" />
				<AnimFrame id="16" x="0" y="300" />
				<AnimFrame id="17" x="100" y="300" />
				<AnimFrame id="18" x="200" y="300" />
				<AnimFrame id="19" x="300" y="300" />
				<AnimFrame id="20" x="400" y="300" />
				<AnimFrame id="21" x="0" y="400" />
				<AnimFrame id="22" x="100" y="400" />
				<AnimFrame id="23" x="200" y="400" />
				<AnimFrame id="24" x="300" y="400" />
			</AnimFrames>
		</AnimatedImage>
		<AnimatedImage name="MobHBHighlightEffect" fps="24" texture="MobHBHighlight" movable="false" handleinput="false" layer="popup" poppable="false" sticky="false">
			<Size>
				<AbsPoint x="190" y="50"/>
			</Size>
			<Anchors>
				<Anchor point="center" relativePoint="center">
					<AbsPoint x="0" y="0" />
				</Anchor>
			</Anchors>
			<AnimFrames>
				<AnimFrame id="1" x="0" y="0" />
				<AnimFrame id="2" x="200" y="0" />
				<AnimFrame id="3" x="400" y="0" />
				<AnimFrame id="4" x="600" y="0" />
				<AnimFrame id="5" x="800" y="0" />
				<AnimFrame id="6" x="1000" y="0" />
				<AnimFrame id="7" x="1200" y="0" />
				<AnimFrame id="8" x="1400" y="0" />
				<AnimFrame id="9" x="1600" y="0" />
				<AnimFrame id="10" x="1800" y="0" />
				<AnimFrame id="11" x="2000" y="0" />
				<AnimFrame id="12" x="2200" y="0" />
				<AnimFrame id="13" x="2400" y="0" />
				<AnimFrame id="14" x="2600" y="0" />
				<AnimFrame id="15" x="2800" y="0" />
				<AnimFrame id="16" x="3000" y="0" />
				<AnimFrame id="17" x="3200" y="0" />
				<AnimFrame id="18" x="3400" y="0" />
				<AnimFrame id="19" x="3600" y="0" />
				<AnimFrame id="20" x="3800" y="0" />
				<AnimFrame id="21" x="4000" y="0" />
				<AnimFrame id="22" x="4200" y="0" />
				<AnimFrame id="23" x="4400" y="0" />
				<AnimFrame id="24" x="4600" y="0" />
				<AnimFrame id="25" x="4800" y="0" />
				<AnimFrame id="26" x="5000" y="0" />
				<AnimFrame id="27" x="5200" y="0" />
				<AnimFrame id="28" x="5400" y="0" />
				<AnimFrame id="29" x="5600" y="0" />
				<AnimFrame id="30" x="5800" y="0" />
				<AnimFrame id="31" x="0" y="60" />
				<AnimFrame id="32" x="200" y="60" />
				<AnimFrame id="33" x="400" y="60" />
				<AnimFrame id="34" x="600" y="60" />
				<AnimFrame id="35" x="800" y="60" />
				<AnimFrame id="36" x="1000" y="60" />
				<AnimFrame id="37" x="1200" y="60" />
				<AnimFrame id="38" x="1400" y="60" />
				<AnimFrame id="39" x="1600" y="60" />
				<AnimFrame id="40" x="1800" y="60" />


			</AnimFrames>
		</AnimatedImage>
		<AnimatedImage name="StatusGlowingEffect" fps="10" texture="anim_highlight_glow2" movable="false" handleinput="false" layer="overlay" poppable="false" sticky="false" textureScale="1.5">
			<Size>
				<AbsPoint x="220" y="220"/>
			</Size>
			<Anchors>
				<Anchor point="center" relativePoint="center">
					<AbsPoint x="0" y="0" />
				</Anchor>
			</Anchors>
			<AnimFrames>
				<AnimFrame id="1" x="0" y="0" />
				<AnimFrame id="2" x="128" y="0" />
				<AnimFrame id="3" x="256" y="0" />
				<AnimFrame id="4" x="384" y="0" />
				<AnimFrame id="5" x="0" y="128" />
				<AnimFrame id="6" x="128" y="128" />
				<AnimFrame id="7" x="256" y="128" />
				<AnimFrame id="8" x="384" y="128" />
				<AnimFrame id="9" x="0" y="256" />
				<AnimFrame id="10" x="128" y="256" />
				<AnimFrame id="11" x="256" y="256" />
				<AnimFrame id="12" x="384" y="256" />
				<AnimFrame id="13" x="0" y="384" />
				<AnimFrame id="14" x="128" y="384" />
				<AnimFrame id="15" x="256" y="384" />
				<AnimFrame id="16" x="384" y="384" />
			</AnimFrames>
		</AnimatedImage>

	</Windows>
</Interface>
