﻿<?xml version="1.0" encoding="utf-8"?>
<Interface xmlns:xsi="http://www.w3.org/2001/XMLSchema-instance" xsi:noNamespaceSchemaLocation="../../Interface.xsd">
	<Windows>
		<Window name="AdvancedBuff" movable="false" layer="default" sticky="true">
			<Anchors>
				<Anchor point="topleft" relativePoint="topleft">
					<AbsPoint x="712" y="20" />
				</Anchor>
			</Anchors>
			<EventHandlers>
				<EventHandler event="OnLButtonDown" function="AdvancedBuff.OnLButtonDown" />
				<EventHandler event="OnShutdown" function="AdvancedBuff.Shutdown" />
				<EventHandler event="OnMouseWheel" function="WindowUtils.Scale" />
			</EventHandlers>
			<Windows>
				<!-- DEBUG FRAME -->
				<!--
				<FullResizeImage name="$parentFrame" inherits="UO_Simple_Frame" layer="background" frameonly="false">
					<Anchors>
						<Anchor point="topleft" relativePoint="topleft" />
						<Anchor point="bottomright" relativePoint="bottomright" />
					</Anchors>
				</FullResizeImage>
				-->				
				<DynamicImage name="$parentImage"  layer="background" handleinput="false" >
					<Size>
						<AbsPoint x="97" y="52" />
					</Size>
				</DynamicImage>
				<Button name="$parentContext" movable="false" backgroundtexture="AdvancedBuffButton" highlighttexture="AdvancedBuffButton" texturescale="1">
					<Size>
						<AbsPoint x="14" y="14" />
					</Size>
					<EventHandlers>
						<EventHandler event="OnLButtonUp" function="AdvancedBuff.Rotate" />
						<EventHandler event="OnMouseOver" function="AdvancedBuff.ContextToolsTooltip" />
					</EventHandlers>
					<TexCoords>
						<Normal x="0" y="0" />
						<NormalHighlit x="19" y="0" />
						<Pressed x="38" y="0" />
						<PressedHighlit x="38" y="0" />
					</TexCoords>
				</Button>
        <Button name="$parentLock" layer="popup" backgroundtexture="UO_Core" highlighttexture="UO_Core" textureScale="1">
          <Size>
            <AbsPoint x="20" y="20" />
          </Size>
          <EventHandlers>
            <EventHandler event="OnLButtonUp" function="AdvancedBuff.LockMe" />
            <EventHandler event="OnMouseOver" function="AdvancedBuff.LockTooltip" />
          </EventHandlers>
          <TexCoords>
            <Normal x="0" y="0" />
            <NormalHighlit x="0" y="0" />
            <Pressed x="0" y="0" />
            <PressedHighlit x="0" y="0" />
            <Disabled x="0" y="0" />
          </TexCoords>
          <Anchors>
            <Anchor point="topleft" relativePoint="topright" relativeTo="$parentContext">
              <AbsPoint x="-5" y="-5" />
            </Anchor>
          </Anchors>
        </Button>
			</Windows>
		</Window>
	</Windows>
</Interface>