<Interface xmlns:xsi="http://www.w3.org/2001/XMLSchema-instance" xsi:noNamespaceSchemaLocation="../../Interface.xsd">
	<Windows>
		<!-- For list view -->
		<Window name="ContainerItemTemplate"  draganddrop="true">
			<Size>
				<AbsPoint x="250" y="60" />
			</Size>
			<EventHandlers>
				<EventHandler event="OnLButtonDown" function="ContainerWindow.OnItemClicked" />
				<EventHandler event="OnLButtonDblClk" function="ContainerWindow.OnItemDblClicked" />
				<EventHandler event="OnLButtonUp" function="ContainerWindow.OnItemRelease" />
				<EventHandler event="OnRButtonDown" function="ContainerWindow.OnItemGet" />
				<EventHandler event="OnRButtonUp" function="ContainerWindow.OnItemRButtonUp" />
			</EventHandlers>
			<Windows>
				<DynamicImage name="$parentIcon" texture=""  texturescale="2.0" draganddrop="true">
					<Size>
						<AbsPoint x="45" y="45" />
					</Size>
					<Anchors>
						<Anchor point="topleft" relativePoint="topleft">
							<AbsPoint x="15" y="0" />
						</Anchor>
					</Anchors>
					<EventHandlers>
						<EventHandler event="OnMouseOver" function="ContainerWindow.ItemMouseOver"/>
						<EventHandler event="OnMouseOverEnd" function="ItemProperties.ClearMouseOverItem"/>
					</EventHandlers>
				</DynamicImage>

				<Label name="$parentName" font="Arial_Black_Shadow_12" maxchars="64" textalign="left" draganddrop="true">
					<Size>
						<AbsPoint x="190" y="32" />
					</Size>
					<Anchors>
						<Anchor point="topleft" relativePoint="topleft">
							<AbsPoint x="70" y="10" />
						</Anchor>
						<Anchor point="topright" relativePoint="topright" relativeTo="$parent">
							<AbsPoint x="0" y="0" />
						</Anchor>
					</Anchors>
					<Color r="255" g="255" b="255" a="255" />
				</Label>
			</Windows>
		</Window>

		<!-- For grid view -->

		<Button name="GridViewSocketBaseTemplate" texturescale="1.125">
			<Size>
				<AbsPoint x="56" y="56" />
				<!-- if changed, ContainerWindow.lua must be updated -->
			</Size>
			<TexCoords>
				<Normal texture="hud_image" x="0" y="754" />
				<NormalHighlit texture="hud_image" x="50" y="754" />
				<Disabled texture="hud_image" x="0" y="754" />
				<Pressed texture="hud_image" x="0" y="754" />
				<PressedHighlit texture="hud_image" x="50" y="754" />
			</TexCoords>
		</Button>

		<Button name="GridViewSocketTemplate" inherits="GridViewSocketBaseTemplate" draganddrop="true">
			<Windows>
				<DynamicImage name="$parentIcon" texturescale="1.125" handleinput="false" layer="default">
					<Size>
						<AbsPoint x="48" y="48" />
					</Size>
					<Anchors>
						<Anchor point="center" relativePoint="center" relativeTo="">
							<AbsPoint x="0" y="0" />
						</Anchor>
					</Anchors>
				</DynamicImage>
				<DynamicImage name="$parentIconMulti" texturescale="1.125" handleinput="false" layer="secondary">
					<Size>
						<AbsPoint x="48" y="48" />
					</Size>
					<Anchors>
						<Anchor point="center" relativePoint="center" relativeTo="$parentIcon">
							<AbsPoint x="6" y="6" />
						</Anchor>
					</Anchors>
				</DynamicImage>
				<Label name="$parentQuantity" font="UO_DefaultText_15pt" maxchars="6" textalign="left" autoresize="true" wordwrap="false" layer="popup" handleinput="false">
					<Size>
						<AbsPoint x="60" y="15" />
					</Size>
					<Anchors>
						<Anchor point="bottomleft" relativePoint="bottomleft">
							<AbsPoint x="2" y="-2" />
						</Anchor>
					</Anchors>
					<Color r="255" g="255" b="255" a="255" />
				</Label>
			</Windows>
			<TexCoords>
				<Normal texture="hud_image" x="0" y="754" />
				<NormalHighlit texture="hud_image" x="50" y="754" />
				<Disabled texture="hud_image" x="0" y="754" />
				<Pressed texture="hud_image" x="0" y="754" />
				<PressedHighlit texture="hud_image" x="50" y="754" />
			</TexCoords>
			<EventHandlers>
				<EventHandler event="OnLButtonDown" function="ContainerWindow.OnItemClicked" />
				<EventHandler event="OnLButtonDblClk" function="ContainerWindow.OnItemDblClicked" />
				<EventHandler event="OnLButtonUp" function="ContainerWindow.OnItemRelease" />
				<EventHandler event="OnMouseOver" function="ContainerWindow.ItemMouseOver" />
				<EventHandler event="OnMouseOverEnd" function="ItemProperties.ClearMouseOverItem" />
				<EventHandler event="OnRButtonDown" function="ContainerWindow.OnItemGet" />
				<EventHandler event="OnRButtonUp" function="ContainerWindow.OnItemRButtonUp" />
			</EventHandlers>
		</Button>
		<Button name="ColoredGridViewSocketTemplate" texturescale="1.125" draganddrop="true">
			<Size>
				<AbsPoint x="54" y="54" />
			</Size>
			<Windows>
				<DynamicImage name="$parentIcon" texturescale="1.125" handleinput="false" layer="default">
					<Size>
						<AbsPoint x="48" y="48" />
					</Size>
					<Anchors>
						<Anchor point="center" relativePoint="center" relativeTo="">
							<AbsPoint x="0" y="0" />
						</Anchor>
					</Anchors>
				</DynamicImage>
				<DynamicImage name="$parentIconMulti" texturescale="1.125" handleinput="false" layer="background">
					<Size>
						<AbsPoint x="48" y="48" />
					</Size>
					<Anchors>
						<Anchor point="center" relativePoint="center" relativeTo="$parentIcon">
							<AbsPoint x="5" y="5" />
						</Anchor>
					</Anchors>
				</DynamicImage>
				<Label name="$parentQuantity" font="UO_DefaultText_15pt" maxchars="6" textalign="left" autoresize="true" wordwrap="false" layer="popup" handleinput="false">
					<Size>
						<AbsPoint x="60" y="15" />
					</Size>
					<Anchors>
						<Anchor point="bottomleft" relativePoint="bottomleft">
							<AbsPoint x="2" y="-2" />
						</Anchor>
					</Anchors>
					<Color r="255" g="255" b="255" a="255" />
				</Label>
			</Windows>
			<TexCoords>
				<Normal texture="hud_image" x="0" y="754" />
				<NormalHighlit texture="hud_image" x="50" y="754" />
				<Disabled texture="hud_image" x="0" y="754" />
				<Pressed texture="hud_image" x="0" y="754" />
				<PressedHighlit texture="hud_image" x="50" y="754" />
			</TexCoords>
			<EventHandlers>
				<EventHandler event="OnLButtonDown" function="ContainerWindow.OnItemClicked" />
				<EventHandler event="OnLButtonDblClk" function="ContainerWindow.OnItemDblClicked" />
				<EventHandler event="OnLButtonUp" function="ContainerWindow.OnItemRelease" />
				<EventHandler event="OnMouseOver" function="ContainerWindow.ItemMouseOver" />
				<EventHandler event="OnMouseOverEnd" function="ItemProperties.ClearMouseOverItem" />
				<EventHandler event="OnRButtonDown" function="ContainerWindow.OnItemGet" />
				<EventHandler event="OnRButtonUp" function="ContainerWindow.OnItemRButtonUp" />
			</EventHandlers>
		</Button>
		<Button name="GridViewSocketLegacyTemplate" inherits="GridViewSocketTemplate">
			<TexCoords>
				<Normal texture="" x="0" y="0" />
				<NormalHighlit texture="" x="0" y="0" />
				<Disabled texture="" x="0" y="0" />
				<Pressed texture="" x="0" y="0" />
				<PressedHighlit texture="" x="0" y="0" />
			</TexCoords>
		</Button>

		<!-- Main container window -->
		<Window name="ContainerWindow" movable="true" draganddrop="true" >
			<Size>
				<AbsPoint x="313" y="313" />
			</Size>
			<Anchors>
				<Anchor point="bottomright" relativePoint="bottomright" >
					<AbsPoint x="0" y="-60"/>
				</Anchor>
			</Anchors>
			<EventHandlers>
				<EventHandler event="OnInitialize" function="ContainerWindow.Initialize" />
				<EventHandler event="OnShutdown" function="ContainerWindow.Shutdown" />
				<EventHandler event="OnSetMoving" function="ContainerWindow.OnSetMoving" />
				<EventHandler event="OnRButtonUp" function="UO_DefaultWindow.CloseDialog" />				
				<EventHandler event="OnLButtonUp" function="ContainerWindow.OnItemRelease" />
				<EventHandler event="OnMouseWheel" function="WindowUtils.Scale" />
			</EventHandlers>
			<Windows>
				<!-- Default chrome. Alter this at your own peril. -->
				<Window name="$parentChrome" inherits="UO_DefaultWindow">
					<Anchors>
						<Anchor point="topleft" relativePoint="topleft"/>
						<Anchor point="bottomright" relativePoint="bottomright"/>
					</Anchors>
				</Window>

				<!-- End of default chrome boilerplate code -->
				<DynamicImage name="$parentLegacyContainerArt" layer="default" popable="false" handleinput="false" draganddrop="true" />

				<Button name="$parentViewButton" inherits="UO_Default_Spring_Button">
					<Anchors>
						<Anchor point="topright" relativePoint="topright" relativeTo="$parent">
							<AbsPoint x="-22" y="0" />
						</Anchor>
					</Anchors>
					<EventHandlers>
						<EventHandler event="OnLButtonUp" function="ContainerWindow.ToggleView" />
						<EventHandler event="OnMouseOver" function="ContainerWindow.ViewButtonMouseOver" />
						<EventHandler event="OnMouseOverEnd" function="ItemProperties.ClearMouseOverItem" />
					</EventHandlers>
				</Button>

				<Label name="$parentContent" font="UO_DefaultText" maxchars="100" textalign="center" autoresize="true" autoresizewidth="true" wordwrap="false" layer="overlay" handleinput="false">
					<Size>
						<AbsPoint x="150" y="30" />
					</Size>
					<Anchors>
						<Anchor point="bottom" relativePoint="top" relativeTo="$parent">
							<AbsPoint x="5" y="5" />
						</Anchor>
					</Anchors>
					<Color r="255" g="255" b="255" a="30" />
				</Label>

				<Button name="$parentLock" layer="popup" backgroundtexture="UO_Core" highlighttexture="UO_Core" texturescale="2">
					<Size>
						<AbsPoint x="40" y="40" />
					</Size>
					<TexCoords>
						<Normal x="0" y="0" />
						<NormalHighlit x="0" y="0" />
						<Pressed x="0" y="0"  />
						<PressedHighlit x="0" y="0" />
					</TexCoords>
					<EventHandlers>
						<EventHandler event="OnLButtonUp" function="ContainerWindow.Lock" />
						<EventHandler event="OnMouseOver" function="ContainerWindow.LockTooltip" />
					</EventHandlers>
				</Button>
				<Button name="$parentOrganize" layer="popup" backgroundtexture="Organizer" highlighttexture="Organizer" texturescale="1">
					<Size>
						<AbsPoint x="32" y="32" />
					</Size>
					<TexCoords>
						<Normal x="0" y="0" />
						<NormalHighlit x="0" y="0" />
						<Pressed x="0" y="0"  />
						<PressedHighlit x="0" y="0" />
					</TexCoords>
					<EventHandlers>
						<EventHandler event="OnLButtonUp" function="ContainerWindow.Organizes" />
						<EventHandler event="OnRButtonUp" function="ContainerWindow.OrganizerContext" />
						<EventHandler event="OnMouseOver" function="ContainerWindow.OrganizeTooltip" />
					</EventHandlers>
				</Button>
				<Button name="$parentRestock" layer="popup" backgroundtexture="Restock" highlighttexture="Restock" texturescale="1">
					<Size>
						<AbsPoint x="32" y="32" />
					</Size>
					<TexCoords>
						<Normal x="0" y="0" />
						<NormalHighlit x="0" y="0" />
						<Pressed x="0" y="0"  />
						<PressedHighlit x="0" y="0" />
					</TexCoords>
					<EventHandlers>
						<EventHandler event="OnLButtonUp" function="ContainerWindow.Restocks" />
						<EventHandler event="OnRButtonUp" function="ContainerWindow.RestockContext" />
						<EventHandler event="OnMouseOver" function="ContainerWindow.RestockTooltip" />
					</EventHandlers>
				</Button>

				<Button name="$parentLootAll" layer="popup" backgroundtexture="Loot_ALL" highlighttexture="Loot_ALL">
					<Size>
						<AbsPoint x="32" y="32" />
					</Size>
					<Anchors>
						<Anchor point="topleft" relativePoint="topright" relativeTo="$parentRestock">
							<AbsPoint x="0" y="0" />
						</Anchor>
					</Anchors>
					<TexCoords>
						<Normal  x="0" y="0" />
						<NormalHighlit x="0" y="0" />
						<Pressed x="0" y="0" />
						<PressedHighlit x="0" y="0" />
						<Disabled x="0" y="0" />
					</TexCoords>
					<EventHandlers>
						<EventHandler event="OnLButtonUp" function="ContainerWindow.LootAllBtn" />
						<EventHandler event="OnMouseOver" function="ContainerWindow.LootAllTooltip" />
					</EventHandlers>
				</Button>

				<Button name="$parentSearch" layer="popup" backgroundtexture="Search" highlighttexture="Search">
					<Size>
						<AbsPoint x="32" y="32" />
					</Size>
					<Anchors>
						<Anchor point="topleft" relativePoint="topright" relativeTo="$parentLootAll">
							<AbsPoint x="0" y="0" />
						</Anchor>
					</Anchors>
					<TexCoords>
						<Normal  x="0" y="0" />
						<NormalHighlit x="0" y="0" />
						<Pressed x="0" y="0" />
						<PressedHighlit x="0" y="0" />
						<Disabled x="0" y="0" />
					</TexCoords>
					<EventHandlers>
						<EventHandler event="OnLButtonUp" function="ContainerWindow.SearchItem" />
						<EventHandler event="OnMouseOver" function="ContainerWindow.SearchAllTooltip" />
					</EventHandlers>
				</Button>

				<Label name="$parentTitle" inherits="UO_Default_Label_Color" font="UO_Title" maxchars="256" textalign="center" handleinput="false" layer="popup" autoresizewidth="false">
					<Size>
						<AbsPoint x="215" y="30"/>
					</Size>
					<Anchors>
						<Anchor point="top" relativePoint="top">
							<AbsPoint x="0" y="-7" />
						</Anchor>
					</Anchors>
				</Label>

				<!-- LIST VIEW -->
				<ScrollWindow name="$parentListView" childscrollwindow="$parentScrollChild" scrollbar="$parentScrollbar" lineheight="60"  draganddrop="true" autoHideScrollBar="true" popable="false " layer="default" >
					<Size>
						<AbsPoint x="299" y="250" />
					</Size>
					<Anchors>
						<Anchor point="topleft" relativePoint="topleft">
							<AbsPoint x="0" y="50" />
						</Anchor>
					</Anchors>
					<EventHandlers>
						<EventHandler event="OnLButtonUp" function="ContainerWindow.OnContainerRelease" />
					</EventHandlers>
					<Windows>
						<Window name ="$parentScrollChild" popable="false" draganddrop="true">
							<Size>
								<AbsPoint x="285" y="60"/>
							</Size>
						</Window>
						<VerticalScrollbar name="$parentScrollbar" inherits="StandardVertScroll" >
							<EventHandlers>
								<EventHandler event="OnScrollPosChanged" function="ContainerWindow.Scrolling" />
							</EventHandlers>
						</VerticalScrollbar>
					</Windows>
				</ScrollWindow>

				<!-- Grid view -->
				<ScrollWindow name="$parentGridView" childscrollwindow="$parentScrollChild" scrollbar="$parentScrollbar" lineheight="39"  draganddrop="true" autoHideScrollBar="true" popable="false">
					<Size>
						<AbsPoint x="289" y="250" />
					</Size>
					<Anchors>
						<Anchor point="topleft" relativePoint="topleft">
							<AbsPoint x="12" y="50" />
						</Anchor>
					</Anchors>
					<EventHandlers>
						<EventHandler event="OnLButtonUp" function="ContainerWindow.OnContainerRelease" />
					</EventHandlers>
					<Windows>
						<Window name ="$parentScrollChild" popable="false">
							<Size>
								<AbsPoint x="270" y="0"/>
							</Size>
						</Window>
						<VerticalScrollbar name="$parentScrollbar" inherits="StandardVertScroll" >
							<EventHandlers>
								<EventHandler event="OnScrollPosChanged" function="ContainerWindow.Scrolling" />
							</EventHandlers>
						</VerticalScrollbar>
					</Windows>

				</ScrollWindow>

				<!-- Legacy view -->
				<DynamicImage name="$parentFreeformView" layer="popup">
					<Size>
						<AbsPoint x="262" y="262" />
					</Size>
					<TexCoords x="0" y="0"/>
					<Anchors>
						<Anchor point="topleft" relativePoint="topleft">
							<AbsPoint x="0" y="0" />
						</Anchor>
					</Anchors>
				</DynamicImage>

				<Button name="$parentResizeButton" inherits="CoreWindowResizeButtonBottomRight" layer="popup" >
					<Anchors>
						<Anchor point="bottomright" relativePoint="bottomright" relativeTo="" >
							<AbsPoint x="0" y="0" />
						</Anchor>
					</Anchors>
					<EventHandlers>
						<EventHandler event="OnLButtonDown" function="ContainerWindow.OnResizeBegin" />
					</EventHandlers>
				</Button>

			</Windows>
		</Window>
	</Windows>
</Interface>
