<Interface xmlns:xsi="http://www.w3.org/2001/XMLSchema-instance" xsi:noNamespaceSchemaLocation="../../Interface.xsd">
  <Scripts>
    <Script file="Source/Cooldown.lua" />
  </Scripts>
  <Windows>
		<AnimatedImage name="CooldownEffect" fps="10" texture="cooldown" movable="false" handleinput="false" layer="popup" poppable="false" sticky="false">
			<Size>
				<AbsPoint x="48" y="48"/>
			</Size>
			<Anchors>
				<Anchor point="center" relativePoint="center">
					<AbsPoint x="0" y="0" />
				</Anchor>
			</Anchors>

      <EventHandlers>
        <EventHandler event="OnInitialize" function="Cooldown.Initialize" />
      </EventHandlers>
			<AnimFrames>

        <AnimFrame id="1" x="0" y="0" />
        <AnimFrame id="2" x="60" y="0" />
        <AnimFrame id="3" x="120" y="0" />
        <AnimFrame id="4" x="180" y="0" />
        <AnimFrame id="5" x="240" y="0" />
        <AnimFrame id="6" x="300" y="0" />
        <AnimFrame id="7" x="360" y="0" />
        <AnimFrame id="8" x="420" y="0" />
        <AnimFrame id="9" x="480" y="0" />
        <AnimFrame id="10" x="540" y="0" />
        <AnimFrame id="11" x="600" y="0" />
        <AnimFrame id="12" x="660" y="0" />
        <AnimFrame id="13" x="720" y="0" />
        <AnimFrame id="14" x="780" y="0" />
        <AnimFrame id="15" x="840" y="0" />
        <AnimFrame id="16" x="900" y="0" />
        <AnimFrame id="17" x="960" y="0" />
        <AnimFrame id="18" x="1020" y="0" />
        <AnimFrame id="19" x="1080" y="0" />
        <AnimFrame id="20" x="1140" y="0" />
        <AnimFrame id="21" x="1200" y="0" />
        <AnimFrame id="22" x="1260" y="0" />
        <AnimFrame id="23" x="1320" y="0" />
        <AnimFrame id="24" x="1380" y="0" />
        <AnimFrame id="25" x="1440" y="0" />
        <AnimFrame id="26" x="1500" y="0" />
        <AnimFrame id="27" x="1560" y="0" />
        <AnimFrame id="28" x="1620" y="0" />
        <AnimFrame id="29" x="1680" y="0" />
        <AnimFrame id="30" x="1740" y="0" />
        <AnimFrame id="31" x="0" y="60" />
        <AnimFrame id="32" x="60" y="60" />
        <AnimFrame id="33" x="120" y="60" />
        <AnimFrame id="34" x="180" y="60" />
        <AnimFrame id="35" x="240" y="60" />
        <AnimFrame id="36" x="300" y="60" />
        <AnimFrame id="37" x="360" y="60" />
        <AnimFrame id="38" x="420" y="60" />
        <AnimFrame id="39" x="480" y="60" />
        <AnimFrame id="40" x="540" y="60" />
        <AnimFrame id="41" x="600" y="60" />
        <AnimFrame id="42" x="660" y="60" />
        <AnimFrame id="43" x="720" y="60" />
        <AnimFrame id="44" x="780" y="60" />
        <AnimFrame id="45" x="840" y="60" />
        <AnimFrame id="46" x="900" y="60" />
        <AnimFrame id="47" x="960" y="60" />
        <AnimFrame id="48" x="1020" y="60" />
        <AnimFrame id="49" x="1080" y="60" />
        <AnimFrame id="50" x="1140" y="60" />
        <AnimFrame id="51" x="1200" y="60" />
        <AnimFrame id="52" x="1260" y="60" />
        <AnimFrame id="53" x="1320" y="60" />
        <AnimFrame id="54" x="1380" y="60" />
        <AnimFrame id="55" x="1440" y="60" />
        <AnimFrame id="56" x="1500" y="60" />
        <AnimFrame id="57" x="1560" y="60" />
        <AnimFrame id="58" x="1620" y="60" />
        <AnimFrame id="59" x="1680" y="60" />
        <AnimFrame id="60" x="1740" y="60" />
        <AnimFrame id="61" x="0" y="120" />
        <AnimFrame id="62" x="60" y="120" />
        <AnimFrame id="63" x="120" y="120" />
        <AnimFrame id="64" x="180" y="120" />
        <AnimFrame id="65" x="240" y="120" />
        <AnimFrame id="66" x="300" y="120" />
        <AnimFrame id="67" x="360" y="120" />
        <AnimFrame id="68" x="420" y="120" />
        <AnimFrame id="69" x="480" y="120" />
        <AnimFrame id="70" x="540" y="120" />
        <AnimFrame id="71" x="600" y="120" />
        <AnimFrame id="72" x="660" y="120" />
        <AnimFrame id="73" x="720" y="120" />
        <AnimFrame id="74" x="780" y="120" />
        <AnimFrame id="75" x="840" y="120" />
        <AnimFrame id="76" x="900" y="120" />
        <AnimFrame id="77" x="960" y="120" />
        <AnimFrame id="78" x="1020" y="120" />
        <AnimFrame id="79" x="1080" y="120" />
        <AnimFrame id="80" x="1140" y="120" />
        <AnimFrame id="81" x="1200" y="120" />
        <AnimFrame id="82" x="1260" y="120" />
        <AnimFrame id="83" x="1320" y="120" />
        <AnimFrame id="84" x="1380" y="120" />
        <AnimFrame id="85" x="1440" y="120" />
        <AnimFrame id="86" x="1500" y="120" />
        <AnimFrame id="87" x="1560" y="120" />
        <AnimFrame id="88" x="1620" y="120" />
        <AnimFrame id="89" x="1680" y="120" />
        <AnimFrame id="90" x="1740" y="120" />
        <AnimFrame id="91" x="0" y="180" />
        <AnimFrame id="92" x="60" y="180" />
        <AnimFrame id="93" x="120" y="180" />
        <AnimFrame id="94" x="180" y="180" />
        <AnimFrame id="95" x="240" y="180" />
        <AnimFrame id="96" x="300" y="180" />
        <AnimFrame id="97" x="360" y="180" />
        <AnimFrame id="98" x="420" y="180" />
        <AnimFrame id="99" x="480" y="180" />
        <AnimFrame id="100" x="540" y="180" />
        <AnimFrame id="101" x="600" y="180" />
        <AnimFrame id="102" x="660" y="180" />
        <AnimFrame id="103" x="720" y="180" />
        <AnimFrame id="104" x="780" y="180" />
        <AnimFrame id="105" x="840" y="180" />
        <AnimFrame id="106" x="900" y="180" />
        <AnimFrame id="107" x="960" y="180" />
        <AnimFrame id="108" x="1020" y="180" />
        <AnimFrame id="109" x="1080" y="180" />
        <AnimFrame id="110" x="1140" y="180" />
        <AnimFrame id="111" x="1200" y="180" />
        <AnimFrame id="112" x="1260" y="180" />
        <AnimFrame id="113" x="1320" y="180" />
        <AnimFrame id="114" x="1380" y="180" />
        <AnimFrame id="115" x="1440" y="180" />
        <AnimFrame id="116" x="1500" y="180" />
        <AnimFrame id="117" x="1560" y="180" />
        <AnimFrame id="118" x="1620" y="180" />
        <AnimFrame id="119" x="1680" y="180" />
        <AnimFrame id="120" x="1740" y="180" />
        <AnimFrame id="121" x="0" y="240" />
        <AnimFrame id="122" x="60" y="240" />
        <AnimFrame id="123" x="120" y="240" />
        <AnimFrame id="124" x="180" y="240" />
        <AnimFrame id="125" x="240" y="240" />
        <AnimFrame id="126" x="300" y="240" />
        <AnimFrame id="127" x="360" y="240" />
        <AnimFrame id="128" x="420" y="240" />
        <AnimFrame id="129" x="480" y="240" />
        <AnimFrame id="130" x="540" y="240" />
        <AnimFrame id="131" x="600" y="240" />
        <AnimFrame id="132" x="660" y="240" />
        <AnimFrame id="133" x="720" y="240" />
        <AnimFrame id="134" x="780" y="240" />
        <AnimFrame id="135" x="840" y="240" />
        <AnimFrame id="136" x="900" y="240" />
        <AnimFrame id="137" x="960" y="240" />
        <AnimFrame id="138" x="1020" y="240" />
        <AnimFrame id="139" x="1080" y="240" />
        <AnimFrame id="140" x="1140" y="240" />
        <AnimFrame id="141" x="1200" y="240" />
        <AnimFrame id="142" x="1260" y="240" />
        <AnimFrame id="143" x="1320" y="240" />
        <AnimFrame id="144" x="1380" y="240" />
        <AnimFrame id="145" x="1440" y="240" />
        <AnimFrame id="146" x="1500" y="240" />
        <AnimFrame id="147" x="1560" y="240" />
        <AnimFrame id="148" x="1620" y="240" />
        <AnimFrame id="149" x="1680" y="240" />
        <AnimFrame id="150" x="1740" y="240" />
        <AnimFrame id="151" x="0" y="300" />
        <AnimFrame id="152" x="60" y="300" />
        <AnimFrame id="153" x="120" y="300" />
        <AnimFrame id="154" x="180" y="300" />
        <AnimFrame id="155" x="240" y="300" />
        <AnimFrame id="156" x="300" y="300" />
        <AnimFrame id="157" x="360" y="300" />
        <AnimFrame id="158" x="420" y="300" />
        <AnimFrame id="159" x="480" y="300" />
        <AnimFrame id="160" x="540" y="300" />
        <AnimFrame id="161" x="600" y="300" />
        <AnimFrame id="162" x="660" y="300" />
        <AnimFrame id="163" x="720" y="300" />
        <AnimFrame id="164" x="780" y="300" />
        <AnimFrame id="165" x="840" y="300" />
        <AnimFrame id="166" x="900" y="300" />
        <AnimFrame id="167" x="960" y="300" />
        <AnimFrame id="168" x="1020" y="300" />
        <AnimFrame id="169" x="1080" y="300" />
        <AnimFrame id="170" x="1140" y="300" />
        <AnimFrame id="171" x="1200" y="300" />
        <AnimFrame id="172" x="1260" y="300" />
        <AnimFrame id="173" x="1320" y="300" />
        <AnimFrame id="174" x="1380" y="300" />
        <AnimFrame id="175" x="1440" y="300" />
        <AnimFrame id="176" x="1500" y="300" />
        <AnimFrame id="177" x="1560" y="300" />
        <AnimFrame id="178" x="1620" y="300" />
        <AnimFrame id="179" x="1680" y="300" />
        <AnimFrame id="180" x="1740" y="300" />
        <AnimFrame id="181" x="0" y="360" />
        <AnimFrame id="182" x="60" y="360" />
        <AnimFrame id="183" x="120" y="360" />
        <AnimFrame id="184" x="180" y="360" />
        <AnimFrame id="185" x="240" y="360" />
        <AnimFrame id="186" x="300" y="360" />
        <AnimFrame id="187" x="360" y="360" />
        <AnimFrame id="188" x="420" y="360" />
        <AnimFrame id="189" x="480" y="360" />
        <AnimFrame id="190" x="540" y="360" />
        <AnimFrame id="191" x="600" y="360" />
        <AnimFrame id="192" x="660" y="360" />
        <AnimFrame id="193" x="720" y="360" />
        <AnimFrame id="194" x="780" y="360" />
        <AnimFrame id="195" x="840" y="360" />
        <AnimFrame id="196" x="900" y="360" />
        <AnimFrame id="197" x="960" y="360" />
        <AnimFrame id="198" x="1020" y="360" />
        <AnimFrame id="199" x="1080" y="360" />
        <AnimFrame id="200" x="1140" y="360" />
        <AnimFrame id="201" x="1200" y="360" />
        <AnimFrame id="202" x="1260" y="360" />
        <AnimFrame id="203" x="1320" y="360" />
        <AnimFrame id="204" x="1380" y="360" />
        <AnimFrame id="205" x="1440" y="360" />
        <AnimFrame id="206" x="1500" y="360" />
        <AnimFrame id="207" x="1560" y="360" />
        <AnimFrame id="208" x="1620" y="360" />
        <AnimFrame id="209" x="1680" y="360" />
        <AnimFrame id="210" x="1740" y="360" />
        <AnimFrame id="211" x="0" y="420" />
        <AnimFrame id="212" x="60" y="420" />
        <AnimFrame id="213" x="120" y="420" />
        <AnimFrame id="214" x="180" y="420" />
        <AnimFrame id="215" x="240" y="420" />
        <AnimFrame id="216" x="300" y="420" />
        <AnimFrame id="217" x="360" y="420" />
        <AnimFrame id="218" x="420" y="420" />
        <AnimFrame id="219" x="480" y="420" />
        <AnimFrame id="220" x="540" y="420" />
        <AnimFrame id="221" x="600" y="420" />
        <AnimFrame id="222" x="660" y="420" />
        <AnimFrame id="223" x="720" y="420" />
        <AnimFrame id="224" x="780" y="420" />
        <AnimFrame id="225" x="840" y="420" />
        <AnimFrame id="226" x="900" y="420" />
        <AnimFrame id="227" x="960" y="420" />
        <AnimFrame id="228" x="1020" y="420" />
        <AnimFrame id="229" x="1080" y="420" />
        <AnimFrame id="230" x="1140" y="420" />
        <AnimFrame id="231" x="1200" y="420" />
        <AnimFrame id="232" x="1260" y="420" />
        <AnimFrame id="233" x="1320" y="420" />
        <AnimFrame id="234" x="1380" y="420" />
        <AnimFrame id="235" x="1440" y="420" />
        <AnimFrame id="236" x="1500" y="420" />
        <AnimFrame id="237" x="1560" y="420" />
        <AnimFrame id="238" x="1620" y="420" />
        <AnimFrame id="239" x="1680" y="420" />
        <AnimFrame id="240" x="1740" y="420" />
        <AnimFrame id="241" x="0" y="480" />
        <AnimFrame id="242" x="60" y="480" />
        <AnimFrame id="243" x="120" y="480" />
        <AnimFrame id="244" x="180" y="480" />
        <AnimFrame id="245" x="240" y="480" />
        <AnimFrame id="246" x="300" y="480" />
        <AnimFrame id="247" x="360" y="480" />
        <AnimFrame id="248" x="420" y="480" />
        <AnimFrame id="249" x="480" y="480" />
        <AnimFrame id="250" x="540" y="480" />
        <AnimFrame id="251" x="600" y="480" />
        <AnimFrame id="252" x="660" y="480" />
        <AnimFrame id="253" x="720" y="480" />
        <AnimFrame id="254" x="780" y="480" />
        <AnimFrame id="255" x="840" y="480" />
        <AnimFrame id="256" x="900" y="480" />
        <AnimFrame id="257" x="960" y="480" />
        <AnimFrame id="258" x="1020" y="480" />
        <AnimFrame id="259" x="1080" y="480" />
        <AnimFrame id="260" x="1140" y="480" />
        <AnimFrame id="261" x="1200" y="480" />
        <AnimFrame id="262" x="1260" y="480" />
        <AnimFrame id="263" x="1320" y="480" />
        <AnimFrame id="264" x="1380" y="480" />
        <AnimFrame id="265" x="1440" y="480" />
        <AnimFrame id="266" x="1500" y="480" />
        <AnimFrame id="267" x="1560" y="480" />
        <AnimFrame id="268" x="1620" y="480" />
        <AnimFrame id="269" x="1680" y="480" />
        <AnimFrame id="270" x="1740" y="480" />
        <AnimFrame id="271" x="0" y="540" />
        <AnimFrame id="272" x="60" y="540" />
        <AnimFrame id="273" x="120" y="540" />
        <AnimFrame id="274" x="180" y="540" />
        <AnimFrame id="275" x="240" y="540" />
        <AnimFrame id="276" x="300" y="540" />
        <AnimFrame id="277" x="360" y="540" />
        <AnimFrame id="278" x="420" y="540" />
        <AnimFrame id="279" x="480" y="540" />
        <AnimFrame id="280" x="540" y="540" />
        <AnimFrame id="281" x="600" y="540" />
        <AnimFrame id="282" x="660" y="540" />
        <AnimFrame id="283" x="720" y="540" />
        <AnimFrame id="284" x="780" y="540" />
        <AnimFrame id="285" x="840" y="540" />
        <AnimFrame id="286" x="900" y="540" />
        <AnimFrame id="287" x="960" y="540" />
        <AnimFrame id="288" x="1020" y="540" />
        <AnimFrame id="289" x="1080" y="540" />
        <AnimFrame id="290" x="1140" y="540" />
        <AnimFrame id="291" x="1200" y="540" />
        <AnimFrame id="292" x="1260" y="540" />
        <AnimFrame id="293" x="1320" y="540" />
        <AnimFrame id="294" x="1380" y="540" />
        <AnimFrame id="295" x="1440" y="540" />
        <AnimFrame id="296" x="1500" y="540" />
        <AnimFrame id="297" x="1560" y="540" />
        <AnimFrame id="298" x="1620" y="540" />
        <AnimFrame id="299" x="1680" y="540" />
        <AnimFrame id="300" x="1740" y="540" />
        <AnimFrame id="301" x="0" y="600" />
        <AnimFrame id="302" x="60" y="600" />
        <AnimFrame id="303" x="120" y="600" />
        <AnimFrame id="304" x="180" y="600" />
        <AnimFrame id="305" x="240" y="600" />
        <AnimFrame id="306" x="300" y="600" />
        <AnimFrame id="307" x="360" y="600" />
        <AnimFrame id="308" x="420" y="600" />
        <AnimFrame id="309" x="480" y="600" />
        <AnimFrame id="310" x="540" y="600" />
        <AnimFrame id="311" x="600" y="600" />
        <AnimFrame id="312" x="660" y="600" />
        <AnimFrame id="313" x="720" y="600" />
        <AnimFrame id="314" x="780" y="600" />
        <AnimFrame id="315" x="840" y="600" />
        <AnimFrame id="316" x="900" y="600" />
        <AnimFrame id="317" x="960" y="600" />
        <AnimFrame id="318" x="1020" y="600" />
        <AnimFrame id="319" x="1080" y="600" />
        <AnimFrame id="320" x="1140" y="600" />
        <AnimFrame id="321" x="1200" y="600" />
        <AnimFrame id="322" x="1260" y="600" />
        <AnimFrame id="323" x="1320" y="600" />
        <AnimFrame id="324" x="1380" y="600" />
        <AnimFrame id="325" x="1440" y="600" />
        <AnimFrame id="326" x="1500" y="600" />
        <AnimFrame id="327" x="1560" y="600" />
        <AnimFrame id="328" x="1620" y="600" />
        <AnimFrame id="329" x="1680" y="600" />
        <AnimFrame id="330" x="1740" y="600" />
        <AnimFrame id="331" x="0" y="660" />
        <AnimFrame id="332" x="60" y="660" />
        <AnimFrame id="333" x="120" y="660" />
        <AnimFrame id="334" x="180" y="660" />
        <AnimFrame id="335" x="240" y="660" />
        <AnimFrame id="336" x="300" y="660" />
        <AnimFrame id="337" x="360" y="660" />
        <AnimFrame id="338" x="420" y="660" />
        <AnimFrame id="339" x="480" y="660" />
        <AnimFrame id="340" x="540" y="660" />
        <AnimFrame id="341" x="600" y="660" />
        <AnimFrame id="342" x="660" y="660" />
        <AnimFrame id="343" x="720" y="660" />
        <AnimFrame id="344" x="780" y="660" />
        <AnimFrame id="345" x="840" y="660" />
        <AnimFrame id="346" x="900" y="660" />
        <AnimFrame id="347" x="960" y="660" />
        <AnimFrame id="348" x="1020" y="660" />
        <AnimFrame id="349" x="1080" y="660" />
        <AnimFrame id="350" x="1140" y="660" />
        <AnimFrame id="351" x="1200" y="660" />
        <AnimFrame id="352" x="1260" y="660" />
        <AnimFrame id="353" x="1320" y="660" />
        <AnimFrame id="354" x="1380" y="660" />
        <AnimFrame id="355" x="1440" y="660" />
        <AnimFrame id="356" x="1500" y="660" />
        <AnimFrame id="357" x="1560" y="660" />
        <AnimFrame id="358" x="1620" y="660" />
        <AnimFrame id="359" x="1680" y="660" />
        <AnimFrame id="360" x="1740" y="660" />
        <AnimFrame id="361" x="0" y="720" />
        <AnimFrame id="362" x="60" y="720" />
        <AnimFrame id="363" x="120" y="720" />
        <AnimFrame id="364" x="180" y="720" />
        <AnimFrame id="365" x="240" y="720" />
        <AnimFrame id="366" x="300" y="720" />
        <AnimFrame id="367" x="360" y="720" />
        <AnimFrame id="368" x="420" y="720" />
        <AnimFrame id="369" x="480" y="720" />
        <AnimFrame id="370" x="540" y="720" />
        <AnimFrame id="371" x="600" y="720" />
        <AnimFrame id="372" x="660" y="720" />
        <AnimFrame id="373" x="720" y="720" />
        <AnimFrame id="374" x="780" y="720" />
        <AnimFrame id="375" x="840" y="720" />
        <AnimFrame id="376" x="900" y="720" />
        <AnimFrame id="377" x="960" y="720" />
        <AnimFrame id="378" x="1020" y="720" />
        <AnimFrame id="379" x="1080" y="720" />
        <AnimFrame id="380" x="1140" y="720" />
        <AnimFrame id="381" x="1200" y="720" />
        <AnimFrame id="382" x="1260" y="720" />
        <AnimFrame id="383" x="1320" y="720" />
        <AnimFrame id="384" x="1380" y="720" />
        <AnimFrame id="385" x="1440" y="720" />
        <AnimFrame id="386" x="1500" y="720" />
        <AnimFrame id="387" x="1560" y="720" />
        <AnimFrame id="388" x="1620" y="720" />
        <AnimFrame id="389" x="1680" y="720" />
        <AnimFrame id="390" x="1740" y="720" />
        <AnimFrame id="391" x="0" y="780" />
        <AnimFrame id="392" x="60" y="780" />
        <AnimFrame id="393" x="120" y="780" />
        <AnimFrame id="394" x="180" y="780" />
        <AnimFrame id="395" x="240" y="780" />
        <AnimFrame id="396" x="300" y="780" />
        <AnimFrame id="397" x="360" y="780" />
        <AnimFrame id="398" x="420" y="780" />
        <AnimFrame id="399" x="480" y="780" />
        <AnimFrame id="400" x="540" y="780" />
        <AnimFrame id="401" x="600" y="780" />
        <AnimFrame id="402" x="660" y="780" />
        <AnimFrame id="403" x="720" y="780" />
        <AnimFrame id="404" x="780" y="780" />
        <AnimFrame id="405" x="840" y="780" />
        <AnimFrame id="406" x="900" y="780" />
        <AnimFrame id="407" x="960" y="780" />
        <AnimFrame id="408" x="1020" y="780" />
        <AnimFrame id="409" x="1080" y="780" />
        <AnimFrame id="410" x="1140" y="780" />
        <AnimFrame id="411" x="1200" y="780" />
        <AnimFrame id="412" x="1260" y="780" />
        <AnimFrame id="413" x="1320" y="780" />
        <AnimFrame id="414" x="1380" y="780" />
        <AnimFrame id="415" x="1440" y="780" />
        <AnimFrame id="416" x="1500" y="780" />
        <AnimFrame id="417" x="1560" y="780" />
        <AnimFrame id="418" x="1620" y="780" />
        <AnimFrame id="419" x="1680" y="780" />
        <AnimFrame id="420" x="1740" y="780" />
        <AnimFrame id="421" x="0" y="840" />
        <AnimFrame id="422" x="60" y="840" />
        <AnimFrame id="423" x="120" y="840" />
        <AnimFrame id="424" x="180" y="840" />
        <AnimFrame id="425" x="240" y="840" />
        <AnimFrame id="426" x="300" y="840" />
        <AnimFrame id="427" x="360" y="840" />
        <AnimFrame id="428" x="420" y="840" />
        <AnimFrame id="429" x="480" y="840" />
        <AnimFrame id="430" x="540" y="840" />
        <AnimFrame id="431" x="600" y="840" />
        <AnimFrame id="432" x="660" y="840" />
        <AnimFrame id="433" x="720" y="840" />
        <AnimFrame id="434" x="780" y="840" />
        <AnimFrame id="435" x="840" y="840" />
        <AnimFrame id="436" x="900" y="840" />
        <AnimFrame id="437" x="960" y="840" />
        <AnimFrame id="438" x="1020" y="840" />
        <AnimFrame id="439" x="1080" y="840" />
        <AnimFrame id="440" x="1140" y="840" />
        <AnimFrame id="441" x="1200" y="840" />
        <AnimFrame id="442" x="1260" y="840" />
        <AnimFrame id="443" x="1320" y="840" />
        <AnimFrame id="444" x="1380" y="840" />
        <AnimFrame id="445" x="1440" y="840" />
        <AnimFrame id="446" x="1500" y="840" />
        <AnimFrame id="447" x="1560" y="840" />
        <AnimFrame id="448" x="1620" y="840" />
        <AnimFrame id="449" x="1680" y="840" />
        <AnimFrame id="450" x="1740" y="840" />
        <AnimFrame id="451" x="0" y="900" />
        <AnimFrame id="452" x="60" y="900" />
        <AnimFrame id="453" x="120" y="900" />
        <AnimFrame id="454" x="180" y="900" />
        <AnimFrame id="455" x="240" y="900" />
        <AnimFrame id="456" x="300" y="900" />
        <AnimFrame id="457" x="360" y="900" />
        <AnimFrame id="458" x="420" y="900" />
        <AnimFrame id="459" x="480" y="900" />
        <AnimFrame id="460" x="540" y="900" />
        <AnimFrame id="461" x="600" y="900" />
        <AnimFrame id="462" x="660" y="900" />
        <AnimFrame id="463" x="720" y="900" />
        <AnimFrame id="464" x="780" y="900" />
        <AnimFrame id="465" x="840" y="900" />
        <AnimFrame id="466" x="900" y="900" />
        <AnimFrame id="467" x="960" y="900" />
        <AnimFrame id="468" x="1020" y="900" />
        <AnimFrame id="469" x="1080" y="900" />
        <AnimFrame id="470" x="1140" y="900" />
        <AnimFrame id="471" x="1200" y="900" />
        <AnimFrame id="472" x="1260" y="900" />
        <AnimFrame id="473" x="1320" y="900" />
        <AnimFrame id="474" x="1380" y="900" />
        <AnimFrame id="475" x="1440" y="900" />
        <AnimFrame id="476" x="1500" y="900" />
        <AnimFrame id="477" x="1560" y="900" />
        <AnimFrame id="478" x="1620" y="900" />
        <AnimFrame id="479" x="1680" y="900" />
        <AnimFrame id="480" x="1740" y="900" />
        <AnimFrame id="481" x="0" y="960" />
        <AnimFrame id="482" x="60" y="960" />
        <AnimFrame id="483" x="120" y="960" />
        <AnimFrame id="484" x="180" y="960" />
        <AnimFrame id="485" x="240" y="960" />
        <AnimFrame id="486" x="300" y="960" />
        <AnimFrame id="487" x="360" y="960" />
        <AnimFrame id="488" x="420" y="960" />
        <AnimFrame id="489" x="480" y="960" />
        <AnimFrame id="490" x="540" y="960" />
        <AnimFrame id="491" x="600" y="960" />
        <AnimFrame id="492" x="660" y="960" />
        <AnimFrame id="493" x="720" y="960" />
        <AnimFrame id="494" x="780" y="960" />
        <AnimFrame id="495" x="840" y="960" />
        <AnimFrame id="496" x="900" y="960" />
        <AnimFrame id="497" x="960" y="960" />
        <AnimFrame id="498" x="1020" y="960" />
        <AnimFrame id="499" x="1080" y="960" />
        <AnimFrame id="500" x="1140" y="960" />
        <AnimFrame id="501" x="1200" y="960" />
        <AnimFrame id="502" x="1260" y="960" />
        <AnimFrame id="503" x="1320" y="960" />
        <AnimFrame id="504" x="1380" y="960" />
        <AnimFrame id="505" x="1440" y="960" />
        <AnimFrame id="506" x="1500" y="960" />
        <AnimFrame id="507" x="1560" y="960" />
        <AnimFrame id="508" x="1620" y="960" />
        <AnimFrame id="509" x="1680" y="960" />
        <AnimFrame id="510" x="1740" y="960" />
        <AnimFrame id="511" x="0" y="1020" />
        <AnimFrame id="512" x="60" y="1020" />
        <AnimFrame id="513" x="120" y="1020" />
        <AnimFrame id="514" x="180" y="1020" />
        <AnimFrame id="515" x="240" y="1020" />
        <AnimFrame id="516" x="300" y="1020" />
        <AnimFrame id="517" x="360" y="1020" />
        <AnimFrame id="518" x="420" y="1020" />
        <AnimFrame id="519" x="480" y="1020" />
        <AnimFrame id="520" x="540" y="1020" />
        <AnimFrame id="521" x="600" y="1020" />
        <AnimFrame id="522" x="660" y="1020" />
        <AnimFrame id="523" x="720" y="1020" />
        <AnimFrame id="524" x="780" y="1020" />
        <AnimFrame id="525" x="840" y="1020" />
        <AnimFrame id="526" x="900" y="1020" />
        <AnimFrame id="527" x="960" y="1020" />
        <AnimFrame id="528" x="1020" y="1020" />
        <AnimFrame id="529" x="1080" y="1020" />
        <AnimFrame id="530" x="1140" y="1020" />
        <AnimFrame id="531" x="1200" y="1020" />
        <AnimFrame id="532" x="1260" y="1020" />
        <AnimFrame id="533" x="1320" y="1020" />
        <AnimFrame id="534" x="1380" y="1020" />
        <AnimFrame id="535" x="1440" y="1020" />
        <AnimFrame id="536" x="1500" y="1020" />
        <AnimFrame id="537" x="1560" y="1020" />
        <AnimFrame id="538" x="1620" y="1020" />
        <AnimFrame id="539" x="1680" y="1020" />
        <AnimFrame id="540" x="1740" y="1020" />
        <AnimFrame id="541" x="0" y="1080" />
        <AnimFrame id="542" x="60" y="1080" />
        <AnimFrame id="543" x="120" y="1080" />
        <AnimFrame id="544" x="180" y="1080" />
        <AnimFrame id="545" x="240" y="1080" />
        <AnimFrame id="546" x="300" y="1080" />
        <AnimFrame id="547" x="360" y="1080" />
        <AnimFrame id="548" x="420" y="1080" />
        <AnimFrame id="549" x="480" y="1080" />
        <AnimFrame id="550" x="540" y="1080" />
        <AnimFrame id="551" x="600" y="1080" />
        <AnimFrame id="552" x="660" y="1080" />
        <AnimFrame id="553" x="720" y="1080" />
        <AnimFrame id="554" x="780" y="1080" />
        <AnimFrame id="555" x="840" y="1080" />
        <AnimFrame id="556" x="900" y="1080" />
        <AnimFrame id="557" x="960" y="1080" />
        <AnimFrame id="558" x="1020" y="1080" />
        <AnimFrame id="559" x="1080" y="1080" />
        <AnimFrame id="560" x="1140" y="1080" />
        <AnimFrame id="561" x="1200" y="1080" />
        <AnimFrame id="562" x="1260" y="1080" />
        <AnimFrame id="563" x="1320" y="1080" />
        <AnimFrame id="564" x="1380" y="1080" />
        <AnimFrame id="565" x="1440" y="1080" />
        <AnimFrame id="566" x="1500" y="1080" />
        <AnimFrame id="567" x="1560" y="1080" />
        <AnimFrame id="568" x="1620" y="1080" />
        <AnimFrame id="569" x="1680" y="1080" />
        <AnimFrame id="570" x="1740" y="1080" />
        <AnimFrame id="571" x="0" y="1140" />
        <AnimFrame id="572" x="60" y="1140" />
        <AnimFrame id="573" x="120" y="1140" />
        <AnimFrame id="574" x="180" y="1140" />
        <AnimFrame id="575" x="240" y="1140" />
        <AnimFrame id="576" x="300" y="1140" />
        <AnimFrame id="577" x="360" y="1140" />
        <AnimFrame id="578" x="420" y="1140" />
        <AnimFrame id="579" x="480" y="1140" />
        <AnimFrame id="580" x="540" y="1140" />
        <AnimFrame id="581" x="600" y="1140" />
        <AnimFrame id="582" x="660" y="1140" />
        <AnimFrame id="583" x="720" y="1140" />
        <AnimFrame id="584" x="780" y="1140" />
        <AnimFrame id="585" x="840" y="1140" />
        <AnimFrame id="586" x="900" y="1140" />
        <AnimFrame id="587" x="960" y="1140" />
        <AnimFrame id="588" x="1020" y="1140" />
        <AnimFrame id="589" x="1080" y="1140" />
        <AnimFrame id="590" x="1140" y="1140" />
        <AnimFrame id="591" x="1200" y="1140" />
        <AnimFrame id="592" x="1260" y="1140" />
        <AnimFrame id="593" x="1320" y="1140" />
        <AnimFrame id="594" x="1380" y="1140" />
        <AnimFrame id="595" x="1440" y="1140" />
        <AnimFrame id="596" x="1500" y="1140" />
        <AnimFrame id="597" x="1560" y="1140" />
        <AnimFrame id="598" x="1620" y="1140" />
        <AnimFrame id="599" x="1680" y="1140" />
        <AnimFrame id="600" x="1740" y="1140" />
        <AnimFrame id="601" x="0" y="1200" />
        <AnimFrame id="602" x="60" y="1200" />
        <AnimFrame id="603" x="120" y="1200" />
        <AnimFrame id="604" x="180" y="1200" />
        <AnimFrame id="605" x="240" y="1200" />
        <AnimFrame id="606" x="300" y="1200" />
        <AnimFrame id="607" x="360" y="1200" />
        <AnimFrame id="608" x="420" y="1200" />
        <AnimFrame id="609" x="480" y="1200" />
        <AnimFrame id="610" x="540" y="1200" />
        <AnimFrame id="611" x="600" y="1200" />
        <AnimFrame id="612" x="660" y="1200" />
        <AnimFrame id="613" x="720" y="1200" />
        <AnimFrame id="614" x="780" y="1200" />
        <AnimFrame id="615" x="840" y="1200" />
        <AnimFrame id="616" x="900" y="1200" />
        <AnimFrame id="617" x="960" y="1200" />
        <AnimFrame id="618" x="1020" y="1200" />
        <AnimFrame id="619" x="1080" y="1200" />
        <AnimFrame id="620" x="1140" y="1200" />
        <AnimFrame id="621" x="1200" y="1200" />
        <AnimFrame id="622" x="1260" y="1200" />
        <AnimFrame id="623" x="1320" y="1200" />
        <AnimFrame id="624" x="1380" y="1200" />
        <AnimFrame id="625" x="1440" y="1200" />
        <AnimFrame id="626" x="1500" y="1200" />
        <AnimFrame id="627" x="1560" y="1200" />
        <AnimFrame id="628" x="1620" y="1200" />
        <AnimFrame id="629" x="1680" y="1200" />
        <AnimFrame id="630" x="1740" y="1200" />
        <AnimFrame id="631" x="0" y="1260" />
        <AnimFrame id="632" x="60" y="1260" />
        <AnimFrame id="633" x="120" y="1260" />
        <AnimFrame id="634" x="180" y="1260" />
        <AnimFrame id="635" x="240" y="1260" />
        <AnimFrame id="636" x="300" y="1260" />
        <AnimFrame id="637" x="360" y="1260" />
        <AnimFrame id="638" x="420" y="1260" />
        <AnimFrame id="639" x="480" y="1260" />
        <AnimFrame id="640" x="540" y="1260" />
        <AnimFrame id="641" x="600" y="1260" />
        <AnimFrame id="642" x="660" y="1260" />
        <AnimFrame id="643" x="720" y="1260" />
        <AnimFrame id="644" x="780" y="1260" />
        <AnimFrame id="645" x="840" y="1260" />
        <AnimFrame id="646" x="900" y="1260" />
        <AnimFrame id="647" x="960" y="1260" />
        <AnimFrame id="648" x="1020" y="1260" />
        <AnimFrame id="649" x="1080" y="1260" />
        <AnimFrame id="650" x="1140" y="1260" />
        <AnimFrame id="651" x="1200" y="1260" />
        <AnimFrame id="652" x="1260" y="1260" />
        <AnimFrame id="653" x="1320" y="1260" />
        <AnimFrame id="654" x="1380" y="1260" />
        <AnimFrame id="655" x="1440" y="1260" />
        <AnimFrame id="656" x="1500" y="1260" />
        <AnimFrame id="657" x="1560" y="1260" />
        <AnimFrame id="658" x="1620" y="1260" />
        <AnimFrame id="659" x="1680" y="1260" />
        <AnimFrame id="660" x="1740" y="1260" />
        <AnimFrame id="661" x="0" y="1320" />
        <AnimFrame id="662" x="60" y="1320" />
        <AnimFrame id="663" x="120" y="1320" />
        <AnimFrame id="664" x="180" y="1320" />
        <AnimFrame id="665" x="240" y="1320" />
        <AnimFrame id="666" x="300" y="1320" />
        <AnimFrame id="667" x="360" y="1320" />
        <AnimFrame id="668" x="420" y="1320" />
        <AnimFrame id="669" x="480" y="1320" />
        <AnimFrame id="670" x="540" y="1320" />
        <AnimFrame id="671" x="600" y="1320" />
        <AnimFrame id="672" x="660" y="1320" />
        <AnimFrame id="673" x="720" y="1320" />
        <AnimFrame id="674" x="780" y="1320" />
        <AnimFrame id="675" x="840" y="1320" />
        <AnimFrame id="676" x="900" y="1320" />
        <AnimFrame id="677" x="960" y="1320" />
        <AnimFrame id="678" x="1020" y="1320" />
        <AnimFrame id="679" x="1080" y="1320" />
        <AnimFrame id="680" x="1140" y="1320" />
        <AnimFrame id="681" x="1200" y="1320" />
        <AnimFrame id="682" x="1260" y="1320" />
        <AnimFrame id="683" x="1320" y="1320" />
        <AnimFrame id="684" x="1380" y="1320" />
        <AnimFrame id="685" x="1440" y="1320" />
        <AnimFrame id="686" x="1500" y="1320" />
        <AnimFrame id="687" x="1560" y="1320" />
        <AnimFrame id="688" x="1620" y="1320" />
        <AnimFrame id="689" x="1680" y="1320" />
        <AnimFrame id="690" x="1740" y="1320" />
        <AnimFrame id="691" x="0" y="1380" />
        <AnimFrame id="692" x="60" y="1380" />
        <AnimFrame id="693" x="120" y="1380" />
        <AnimFrame id="694" x="180" y="1380" />
        <AnimFrame id="695" x="240" y="1380" />
        <AnimFrame id="696" x="300" y="1380" />
        <AnimFrame id="697" x="360" y="1380" />
        <AnimFrame id="698" x="420" y="1380" />
        <AnimFrame id="699" x="480" y="1380" />
        <AnimFrame id="700" x="540" y="1380" />
        <AnimFrame id="701" x="600" y="1380" />
        <AnimFrame id="702" x="660" y="1380" />
        <AnimFrame id="703" x="720" y="1380" />
        <AnimFrame id="704" x="780" y="1380" />
        <AnimFrame id="705" x="840" y="1380" />
        <AnimFrame id="706" x="900" y="1380" />
        <AnimFrame id="707" x="960" y="1380" />
        <AnimFrame id="708" x="1020" y="1380" />
        <AnimFrame id="709" x="1080" y="1380" />
        <AnimFrame id="710" x="1140" y="1380" />
        <AnimFrame id="711" x="1200" y="1380" />
        <AnimFrame id="712" x="1260" y="1380" />
        <AnimFrame id="713" x="1320" y="1380" />
        <AnimFrame id="714" x="1380" y="1380" />
        <AnimFrame id="715" x="1440" y="1380" />
        <AnimFrame id="716" x="1500" y="1380" />
        <AnimFrame id="717" x="1560" y="1380" />
        <AnimFrame id="718" x="1620" y="1380" />
        <AnimFrame id="719" x="1680" y="1380" />
        <AnimFrame id="720" x="1740" y="1380" />
        <AnimFrame id="721" x="0" y="1440" />
        <AnimFrame id="722" x="60" y="1440" />
        <AnimFrame id="723" x="120" y="1440" />
        <AnimFrame id="724" x="180" y="1440" />
        <AnimFrame id="725" x="240" y="1440" />
        <AnimFrame id="726" x="300" y="1440" />
        <AnimFrame id="727" x="360" y="1440" />
        <AnimFrame id="728" x="420" y="1440" />
        <AnimFrame id="729" x="480" y="1440" />
        <AnimFrame id="730" x="540" y="1440" />
        <AnimFrame id="731" x="600" y="1440" />
        <AnimFrame id="732" x="660" y="1440" />
        <AnimFrame id="733" x="720" y="1440" />
        <AnimFrame id="734" x="780" y="1440" />
        <AnimFrame id="735" x="840" y="1440" />
        <AnimFrame id="736" x="900" y="1440" />
        <AnimFrame id="737" x="960" y="1440" />
        <AnimFrame id="738" x="1020" y="1440" />
        <AnimFrame id="739" x="1080" y="1440" />
        <AnimFrame id="740" x="1140" y="1440" />
        <AnimFrame id="741" x="1200" y="1440" />
        <AnimFrame id="742" x="1260" y="1440" />
        <AnimFrame id="743" x="1320" y="1440" />
        <AnimFrame id="744" x="1380" y="1440" />
        <AnimFrame id="745" x="1440" y="1440" />
        <AnimFrame id="746" x="1500" y="1440" />
        <AnimFrame id="747" x="1560" y="1440" />
        <AnimFrame id="748" x="1620" y="1440" />
        <AnimFrame id="749" x="1680" y="1440" />
        <AnimFrame id="750" x="1740" y="1440" />
        <AnimFrame id="751" x="0" y="1500" />
        <AnimFrame id="752" x="60" y="1500" />
        <AnimFrame id="753" x="120" y="1500" />
        <AnimFrame id="754" x="180" y="1500" />
        <AnimFrame id="755" x="240" y="1500" />
        <AnimFrame id="756" x="300" y="1500" />
        <AnimFrame id="757" x="360" y="1500" />
        <AnimFrame id="758" x="420" y="1500" />
        <AnimFrame id="759" x="480" y="1500" />
        <AnimFrame id="760" x="540" y="1500" />
        <AnimFrame id="761" x="600" y="1500" />
        <AnimFrame id="762" x="660" y="1500" />
        <AnimFrame id="763" x="720" y="1500" />
        <AnimFrame id="764" x="780" y="1500" />
        <AnimFrame id="765" x="840" y="1500" />
        <AnimFrame id="766" x="900" y="1500" />
        <AnimFrame id="767" x="960" y="1500" />
        <AnimFrame id="768" x="1020" y="1500" />
        <AnimFrame id="769" x="1080" y="1500" />
        <AnimFrame id="770" x="1140" y="1500" />
        <AnimFrame id="771" x="1200" y="1500" />
        <AnimFrame id="772" x="1260" y="1500" />
        <AnimFrame id="773" x="1320" y="1500" />
        <AnimFrame id="774" x="1380" y="1500" />
        <AnimFrame id="775" x="1440" y="1500" />
        <AnimFrame id="776" x="1500" y="1500" />
        <AnimFrame id="777" x="1560" y="1500" />
        <AnimFrame id="778" x="1620" y="1500" />
        <AnimFrame id="779" x="1680" y="1500" />
        <AnimFrame id="780" x="1740" y="1500" />
        <AnimFrame id="781" x="0" y="1560" />
        <AnimFrame id="782" x="60" y="1560" />
        <AnimFrame id="783" x="120" y="1560" />
        <AnimFrame id="784" x="180" y="1560" />
        <AnimFrame id="785" x="240" y="1560" />
        <AnimFrame id="786" x="300" y="1560" />
        <AnimFrame id="787" x="360" y="1560" />
        <AnimFrame id="788" x="420" y="1560" />
        <AnimFrame id="789" x="480" y="1560" />
        <AnimFrame id="790" x="540" y="1560" />
        <AnimFrame id="791" x="600" y="1560" />
        <AnimFrame id="792" x="660" y="1560" />
        <AnimFrame id="793" x="720" y="1560" />
        <AnimFrame id="794" x="780" y="1560" />
        <AnimFrame id="795" x="840" y="1560" />
        <AnimFrame id="796" x="900" y="1560" />
        <AnimFrame id="797" x="960" y="1560" />
        <AnimFrame id="798" x="1020" y="1560" />
        <AnimFrame id="799" x="1080" y="1560" />
        <AnimFrame id="800" x="1140" y="1560" />
        <AnimFrame id="801" x="1200" y="1560" />
        <AnimFrame id="802" x="1260" y="1560" />
        <AnimFrame id="803" x="1320" y="1560" />
        <AnimFrame id="804" x="1380" y="1560" />
        <AnimFrame id="805" x="1440" y="1560" />
        <AnimFrame id="806" x="1500" y="1560" />
        <AnimFrame id="807" x="1560" y="1560" />
        <AnimFrame id="808" x="1620" y="1560" />
        <AnimFrame id="809" x="1680" y="1560" />
        <AnimFrame id="810" x="1740" y="1560" />
        <AnimFrame id="811" x="0" y="1620" />
        <AnimFrame id="812" x="60" y="1620" />
        <AnimFrame id="813" x="120" y="1620" />
        <AnimFrame id="814" x="180" y="1620" />
        <AnimFrame id="815" x="240" y="1620" />
        <AnimFrame id="816" x="300" y="1620" />
        <AnimFrame id="817" x="360" y="1620" />
        <AnimFrame id="818" x="420" y="1620" />
        <AnimFrame id="819" x="480" y="1620" />
        <AnimFrame id="820" x="540" y="1620" />
        <AnimFrame id="821" x="600" y="1620" />
        <AnimFrame id="822" x="660" y="1620" />
        <AnimFrame id="823" x="720" y="1620" />
        <AnimFrame id="824" x="780" y="1620" />
        <AnimFrame id="825" x="840" y="1620" />
        <AnimFrame id="826" x="900" y="1620" />
        <AnimFrame id="827" x="960" y="1620" />
        <AnimFrame id="828" x="1020" y="1620" />
        <AnimFrame id="829" x="1080" y="1620" />
        <AnimFrame id="830" x="1140" y="1620" />
        <AnimFrame id="831" x="1200" y="1620" />
        <AnimFrame id="832" x="1260" y="1620" />
        <AnimFrame id="833" x="1320" y="1620" />
        <AnimFrame id="834" x="1380" y="1620" />
        <AnimFrame id="835" x="1440" y="1620" />
        <AnimFrame id="836" x="1500" y="1620" />
        <AnimFrame id="837" x="1560" y="1620" />
        <AnimFrame id="838" x="1620" y="1620" />
        <AnimFrame id="839" x="1680" y="1620" />
        <AnimFrame id="840" x="1740" y="1620" />
        <AnimFrame id="841" x="0" y="1680" />
        <AnimFrame id="842" x="60" y="1680" />
        <AnimFrame id="843" x="120" y="1680" />
        <AnimFrame id="844" x="180" y="1680" />
        <AnimFrame id="845" x="240" y="1680" />
        <AnimFrame id="846" x="300" y="1680" />
        <AnimFrame id="847" x="360" y="1680" />
        <AnimFrame id="848" x="420" y="1680" />
        <AnimFrame id="849" x="480" y="1680" />
        <AnimFrame id="850" x="540" y="1680" />
        <AnimFrame id="851" x="600" y="1680" />
        <AnimFrame id="852" x="660" y="1680" />
        <AnimFrame id="853" x="720" y="1680" />
        <AnimFrame id="854" x="780" y="1680" />
        <AnimFrame id="855" x="840" y="1680" />
        <AnimFrame id="856" x="900" y="1680" />
        <AnimFrame id="857" x="960" y="1680" />
        <AnimFrame id="858" x="1020" y="1680" />
        <AnimFrame id="859" x="1080" y="1680" />
        <AnimFrame id="860" x="1140" y="1680" />
        <AnimFrame id="861" x="1200" y="1680" />
        <AnimFrame id="862" x="1260" y="1680" />
        <AnimFrame id="863" x="1320" y="1680" />
        <AnimFrame id="864" x="1380" y="1680" />
        <AnimFrame id="865" x="1440" y="1680" />
        <AnimFrame id="866" x="1500" y="1680" />
        <AnimFrame id="867" x="1560" y="1680" />
        <AnimFrame id="868" x="1620" y="1680" />
        <AnimFrame id="869" x="1680" y="1680" />
        <AnimFrame id="870" x="1740" y="1680" />
        <AnimFrame id="871" x="0" y="1740" />
        <AnimFrame id="872" x="60" y="1740" />
        <AnimFrame id="873" x="120" y="1740" />
        <AnimFrame id="874" x="180" y="1740" />
        <AnimFrame id="875" x="240" y="1740" />
        <AnimFrame id="876" x="300" y="1740" />
        <AnimFrame id="877" x="360" y="1740" />
        <AnimFrame id="878" x="420" y="1740" />
        <AnimFrame id="879" x="480" y="1740" />
        <AnimFrame id="880" x="540" y="1740" />
        <AnimFrame id="881" x="600" y="1740" />
        <AnimFrame id="882" x="660" y="1740" />
        <AnimFrame id="883" x="720" y="1740" />
        <AnimFrame id="884" x="780" y="1740" />
        <AnimFrame id="885" x="840" y="1740" />
        <AnimFrame id="886" x="900" y="1740" />
        <AnimFrame id="887" x="960" y="1740" />
        <AnimFrame id="888" x="1020" y="1740" />
        <AnimFrame id="889" x="1080" y="1740" />
        <AnimFrame id="890" x="1140" y="1740" />
        <AnimFrame id="891" x="1200" y="1740" />
        <AnimFrame id="892" x="1260" y="1740" />
        <AnimFrame id="893" x="1320" y="1740" />
        <AnimFrame id="894" x="1380" y="1740" />
        <AnimFrame id="895" x="1440" y="1740" />
        <AnimFrame id="896" x="1500" y="1740" />
        <AnimFrame id="897" x="1560" y="1740" />
        <AnimFrame id="898" x="1620" y="1740" />
        <AnimFrame id="899" x="1680" y="1740" />
        <AnimFrame id="900" x="1740" y="1740" />
        <AnimFrame id="901" x="0" y="1800" />
        <AnimFrame id="902" x="60" y="1800" />
        <AnimFrame id="903" x="120" y="1800" />
        <AnimFrame id="904" x="180" y="1800" />
        <AnimFrame id="905" x="240" y="1800" />
        <AnimFrame id="906" x="300" y="1800" />
        <AnimFrame id="907" x="360" y="1800" />
        <AnimFrame id="908" x="420" y="1800" />
        <AnimFrame id="909" x="480" y="1800" />
        <AnimFrame id="910" x="540" y="1800" />
        <AnimFrame id="911" x="600" y="1800" />
        <AnimFrame id="912" x="660" y="1800" />
        <AnimFrame id="913" x="720" y="1800" />
        <AnimFrame id="914" x="780" y="1800" />
        <AnimFrame id="915" x="840" y="1800" />
        <AnimFrame id="916" x="900" y="1800" />
        <AnimFrame id="917" x="960" y="1800" />
        <AnimFrame id="918" x="1020" y="1800" />
        <AnimFrame id="919" x="1080" y="1800" />
        <AnimFrame id="920" x="1140" y="1800" />
        <AnimFrame id="921" x="1200" y="1800" />
        <AnimFrame id="922" x="1260" y="1800" />
        <AnimFrame id="923" x="1320" y="1800" />
        <AnimFrame id="924" x="1380" y="1800" />
        <AnimFrame id="925" x="1440" y="1800" />
        <AnimFrame id="926" x="1500" y="1800" />
        <AnimFrame id="927" x="1560" y="1800" />
        <AnimFrame id="928" x="1620" y="1800" />
        <AnimFrame id="929" x="1680" y="1800" />
        <AnimFrame id="930" x="1740" y="1800" />
        <AnimFrame id="931" x="0" y="1860" />
        <AnimFrame id="932" x="60" y="1860" />
        <AnimFrame id="933" x="120" y="1860" />
        <AnimFrame id="934" x="180" y="1860" />
        <AnimFrame id="935" x="240" y="1860" />
        <AnimFrame id="936" x="300" y="1860" />
        <AnimFrame id="937" x="360" y="1860" />
        <AnimFrame id="938" x="420" y="1860" />
        <AnimFrame id="939" x="480" y="1860" />
        <AnimFrame id="940" x="540" y="1860" />
        <AnimFrame id="941" x="600" y="1860" />
        <AnimFrame id="942" x="660" y="1860" />
        <AnimFrame id="943" x="720" y="1860" />
        <AnimFrame id="944" x="780" y="1860" />
        <AnimFrame id="945" x="840" y="1860" />
        <AnimFrame id="946" x="900" y="1860" />
        <AnimFrame id="947" x="960" y="1860" />
        <AnimFrame id="948" x="1020" y="1860" />
        <AnimFrame id="949" x="1080" y="1860" />
        <AnimFrame id="950" x="1140" y="1860" />
        <AnimFrame id="951" x="1200" y="1860" />
        <AnimFrame id="952" x="1260" y="1860" />
        <AnimFrame id="953" x="1320" y="1860" />
        <AnimFrame id="954" x="1380" y="1860" />
        <AnimFrame id="955" x="1440" y="1860" />
        <AnimFrame id="956" x="1500" y="1860" />
        <AnimFrame id="957" x="1560" y="1860" />
        <AnimFrame id="958" x="1620" y="1860" />
        <AnimFrame id="959" x="1680" y="1860" />
        <AnimFrame id="960" x="1740" y="1860" />
        <AnimFrame id="961" x="0" y="1920" />
        <AnimFrame id="962" x="60" y="1920" />
        <AnimFrame id="963" x="120" y="1920" />
        <AnimFrame id="964" x="180" y="1920" />
        <AnimFrame id="965" x="240" y="1920" />
        <AnimFrame id="966" x="300" y="1920" />
        <AnimFrame id="967" x="360" y="1920" />
        <AnimFrame id="968" x="420" y="1920" />
        <AnimFrame id="969" x="480" y="1920" />
        <AnimFrame id="970" x="540" y="1920" />
        <AnimFrame id="971" x="600" y="1920" />
        <AnimFrame id="972" x="660" y="1920" />
        <AnimFrame id="973" x="720" y="1920" />
        <AnimFrame id="974" x="780" y="1920" />
        <AnimFrame id="975" x="840" y="1920" />
        <AnimFrame id="976" x="900" y="1920" />
        <AnimFrame id="977" x="960" y="1920" />
        <AnimFrame id="978" x="1020" y="1920" />
        <AnimFrame id="979" x="1080" y="1920" />
        <AnimFrame id="980" x="1140" y="1920" />
        <AnimFrame id="981" x="1200" y="1920" />
        <AnimFrame id="982" x="1260" y="1920" />
        <AnimFrame id="983" x="1320" y="1920" />
        <AnimFrame id="984" x="1380" y="1920" />
        <AnimFrame id="985" x="1440" y="1920" />
        <AnimFrame id="986" x="1500" y="1920" />
        <AnimFrame id="987" x="1560" y="1920" />
        <AnimFrame id="988" x="1620" y="1920" />
        <AnimFrame id="989" x="1680" y="1920" />
        <AnimFrame id="990" x="1740" y="1920" />
        <AnimFrame id="991" x="0" y="1980" />
        <AnimFrame id="992" x="60" y="1980" />
        <AnimFrame id="993" x="120" y="1980" />
        <AnimFrame id="994" x="180" y="1980" />
        <AnimFrame id="995" x="240" y="1980" />
        <AnimFrame id="996" x="300" y="1980" />
        <AnimFrame id="997" x="360" y="1980" />
        <AnimFrame id="998" x="420" y="1980" />
        <AnimFrame id="999" x="480" y="1980" />
        <AnimFrame id="1000" x="540" y="1980" />
			</AnimFrames>
		</AnimatedImage>

	</Windows>
</Interface>