<?xml version="1.0" encoding="UTF-8"?>
<Interface xmlns:xsi="http://www.w3.org/1001/XMLSchema-instance" xsi:noNamespaceSchemaLocation="../../Interface.xsd">
    <Scripts>
        <Script file="Source/GenericQuantity.lua" />
    </Scripts>
	<Windows>
		<Window name="GenericQuantityWindowTemplate" movable="true"  >
			<Size>
				<AbsPoint x="210" y="160" />
			</Size>
			<EventHandlers>
                <EventHandler event="OnInitialize" function="GenericQuantity.Initialize" />
                <EventHandler event="OnShutdown" function="GenericQuantity.Shutdown" />
				<EventHandler event="OnKeyEscape" function="GenericQuantity.OnKeyEscape"/>
			</EventHandlers>
			<Windows>
				<!-- Default chrome. Alter this at your own peril. --> 
                <Window name="$parentChrome" inherits="UO_DefaultWindow" > 
                        <Anchors> 
                                <Anchor point="topleft" relativePoint="topleft"/> 
                                <Anchor point="bottomright" relativePoint="bottomright"/> 
                        </Anchors> 
                </Window>                        
                <!-- End of default chrome boilerplate code -->

        <Window name="$parentAmount" movable="false"  >
          <Size>
            <AbsPoint x="150" y="25" />
          </Size>
          <Anchors>
            <Anchor point="topleft" relativePoint="topleft">
              <AbsPoint x="28" y="40" />
            </Anchor>
          </Anchors>
          <Windows>
            <FullResizeImage name="$parentFrame" inherits="UO_Default_Inner_Window_Frame" >
              <Size>
                <AbsPoint x="150" y="35" />
              </Size>
              <Anchors>
                <Anchor point="topleft" relativePoint="topleft" />
                <Anchor point="bottomright" relativePoint="bottomright" />
              </Anchors>
            </FullResizeImage>

            <EditBox name="$parentInput" font="UO_DefaultText" maxchars="16" scrolling="horz" history="false" taborder="0" input="numbers" >
              <Size>
                <AbsPoint x="140" y="30" />
              </Size>
              <Anchors>
                <Anchor point="topleft" relativePoint="topleft" >
                  <AbsPoint x="3" y="3" />
                </Anchor>
              </Anchors>
              <EventHandlers>
                <EventHandler event="OnTextChanged" function="GenericQuantity.OnTextChanged" />
                <EventHandler event="OnKeyEnter" function="GenericQuantity.OnKeyEnter" />
              </EventHandlers>
            </EditBox>
          </Windows>
        </Window>
        
        <SliderBar name="$parentSliderBar" inherits="UO_Default_Horizontal_SliderBar" >
					<Size>
						<AbsPoint x="140" y="20" />
					</Size>
					<Anchors>
						<Anchor point="center" relativePoint="center" relativeTo="$parentAmount">
						<AbsPoint x="-5" y="27" />
						</Anchor>
					</Anchors>
					<EventHandlers>
						<EventHandler event="OnSlide" function="GenericQuantity.UpdateQuantity" />
					</EventHandlers>
				</SliderBar>
				
				<Button name="$parentButton" inherits="UO_Default_GumpButton" text="Okay" >
					<Anchors>
						<Anchor point="bottomleft" relativePoint="topleft" relativeTo="$parentSliderBar">
							<AbsPoint x="30" y="13" />
						</Anchor>
					</Anchors>
					<EventHandlers>
						<EventHandler event="OnLButtonUp" function="GenericQuantity.OnOkay"/>
					</EventHandlers>
				</Button>
			</Windows>
		</Window>
	</Windows>
</Interface>
	
