<Interface xmlns:xsi="http://www.w3.org/2001/XMLSchema-instance" xsi:noNamespaceSchemaLocation="../../Interface.xsd">
	<Scripts>
		<Script file="Source/IgnoreWindow.lua" />
   </Scripts>
	<Windows>
		<Button name="PlayerListIgnoreButtonTemplate" inherits="UO_Default_GenericTextButton">
			<Size>
				<AbsPoint x="250" y="20" />
			</Size>
			<EventHandlers>
				<EventHandler event="OnLButtonUp" function="IgnoreWindow.SelectPlayer" />
			</EventHandlers>
		</Button>
		<Window name="IgnoreWindow" movable="true" layer="popup">
			<Size>
				<AbsPoint x="350" y="320" />
			</Size>
			<Anchors>
				<Anchor point="center" relativePoint="center">
					<AbsPoint x="0" y="0" />
				</Anchor>
			</Anchors>
			<EventHandlers>
				<EventHandler event="OnInitialize" function="IgnoreWindow.Initialize" />
			</EventHandlers>
			<Windows>
				<Window name="$parentChrome" inherits="UO_DefaultWindow">
					<Anchors>
						<Anchor point="topleft" relativePoint="topleft" />
						<Anchor point="bottomright" relativePoint="bottomright"/>
					</Anchors>
				</Window>
				<ScrollWindow name="PlayerListIgnoreWindow" childscrollwindow="PlayerListIgnoreChildWindow" scrollbar="PlayerListIgnoreScrollbar" lineheight="60" autoHideScrollBar="true">
					<Size>
						<AbsPoint x="300" y="205" />
					</Size>
					<Anchors>
						<Anchor point="top" relativePoint="top">
							<AbsPoint x="0" y="45" />
						</Anchor>
					</Anchors>
					<Windows>
						<FullResizeImage name="$parentBackground" inherits="UO_Simple_Black_Background">
							<Anchors>
								<Anchor point="topleft" relativePoint="topleft">
									<AbsPoint x="-5" y="-5" />
								</Anchor>
								<Anchor point="bottomright" relativePoint="bottomright">
									<AbsPoint x="5" y="5" />
								</Anchor>
							</Anchors>
						</FullResizeImage>
						<FullResizeImage name="$parentFrame" inherits="UO_Default_Inner_Window_Frame">
							<Anchors>
								<Anchor point="topleft" relativePoint="topleft">
									<AbsPoint x="-5" y="-5" />
								</Anchor>
								<Anchor point="bottomright" relativePoint="bottomright">
									<AbsPoint x="5" y="5" />
								</Anchor>
							</Anchors>
						</FullResizeImage>
						<VerticalScrollbar name="PlayerListIgnoreScrollbar" inherits="StandardVertScroll" />
						<Window name="PlayerListIgnoreChildWindow" >
							<Size>
								<AbsPoint x="280" y="0" />
							</Size>
						</Window>
					</Windows>
				</ScrollWindow>
				<Button name="$parentAddButton" inherits="UO_Default_GumpButton">
					<Anchors>
						<Anchor point="bottom" relativePoint="bottom" >
							<AbsPoint x="-50" y="-15" />
						</Anchor>
					</Anchors>
					<EventHandlers>
						<EventHandler event="OnLButtonUp" function="IgnoreWindow.Add_OnLButtonUp" />
					</EventHandlers>
				</Button>
				<Button name="$parentCancelButton" inherits="UO_Default_GumpButton">
					<Anchors>
						<Anchor point="bottom" relativePoint="bottom" >
							<AbsPoint x="50" y="-15" />
						</Anchor>
					</Anchors>
					<EventHandlers>
						<EventHandler event="OnLButtonUp" function="IgnoreWindow.Cancel_OnLButtonUp" />
					</EventHandlers>
				</Button>
			</Windows>
		</Window>
	</Windows>
</Interface>