<?xml version="1.0" encoding="UTF-8"?>
<Interface xmlns:xsi="http://www.w3.org/2001/XMLSchema-instance" xsi:noNamespaceSchemaLocation="../../../Interface.xsd">
	<Scripts>
		<Script file="Source/LegacyRunebook.lua"/>
	</Scripts>
	<Windows>
		<!-- Trammel Template -->
		<Window name="LegacyPurpleRuneTemplate" layer="overlay">
			<Size>
				<AbsPoint x="230" y="20" />
			</Size>
			<Windows>
				<Button name="$parentIcon" inherits="LegacyPurpleDiamond" >
					<Size>
						<AbsPoint x="17" y="17" />
					</Size>
					<Anchors>
						<Anchor point="topleft" relativePoint="topleft" >
							<AbsPoint x="0" y="0" />
						</Anchor>
					</Anchors>
					<EventHandlers>
						<EventHandler event="OnLButtonUp" function="LegacyRunebook.OnRuneClicked" />
					</EventHandlers>
				</Button>

				<Label name="$parentName" font="UO_DefaultText" maxchars="64" textalign="left" >
					<Size>
						<AbsPoint x="175" y="20" />
					</Size>
					<Anchors>
						<Anchor point="topright" relativePoint="topleft" relativeTo="$parentIcon">
							<AbsPoint x="3" y="1" />
						</Anchor>
					</Anchors>
				</Label>
			</Windows>
			<EventHandlers>
				<EventHandler event="OnLButtonDown" function="LegacyRunebook.OnRuneClicked" />
			</EventHandlers>
		</Window>

		<!-- Felucca Template -->
		<Window name="LegacyTorquoiseRuneTemplate" layer="overlay">
			<Size>
				<AbsPoint x="230" y="20" />
			</Size>
			<Windows>
				<Button name="$parentIcon" inherits="LegacyTorquoiseDiamond" >
					<Size>
						<AbsPoint x="17" y="17" />
					</Size>
					<Anchors>
						<Anchor point="topleft" relativePoint="topleft" >
							<AbsPoint x="0" y="0" />
						</Anchor>
					</Anchors>
					<EventHandlers>
						<EventHandler event="OnLButtonUp" function="LegacyRunebook.OnRuneClicked" />
					</EventHandlers>
				</Button>

				<Label name="$parentName" font="UO_DefaultText" maxchars="64" textalign="left" >
					<Size>
						<AbsPoint x="175" y="20" />
					</Size>
					<Anchors>
						<Anchor point="topright" relativePoint="topleft" relativeTo="$parentIcon">
							<AbsPoint x="3" y="1" />
						</Anchor>
					</Anchors>
				</Label>
			</Windows>
			<EventHandlers>
				<EventHandler event="OnLButtonDown" function="LegacyRunebook.OnRuneClicked" />
			</EventHandlers>
		</Window>

		<!-- Malas Template -->
		<Window name="LegacyGrayRuneTemplate" layer="overlay">
			<Size>
				<AbsPoint x="230" y="20" />
			</Size>
			<Windows>
				<Button name="$parentIcon" inherits="LegacyGrayDiamond" >
					<Size>
						<AbsPoint x="17" y="17" />
					</Size>
					<Anchors>
						<Anchor point="topleft" relativePoint="topleft" >
							<AbsPoint x="0" y="0" />
						</Anchor>
					</Anchors>
					<EventHandlers>
						<EventHandler event="OnLButtonUp" function="LegacyRunebook.OnRuneClicked" />
					</EventHandlers>
				</Button>

				<Label name="$parentName" font="UO_DefaultText" maxchars="64" textalign="left" >
					<Size>
						<AbsPoint x="175" y="20" />
					</Size>
					<Anchors>
						<Anchor point="topright" relativePoint="topleft" relativeTo="$parentIcon">
							<AbsPoint x="3" y="1" />
						</Anchor>
					</Anchors>
				</Label>
			</Windows>
			<EventHandlers>
				<EventHandler event="OnLButtonDown" function="LegacyRunebook.OnRuneClicked" />
			</EventHandlers>
		</Window>

		<!-- Tokuno Template -->
		<Window name="LegacyGreenRuneTemplate" layer="overlay">
			<Size>
				<AbsPoint x="230" y="20" />
			</Size>
			<Windows>
				<Button name="$parentIcon" inherits="LegacyGreenDiamond" >
					<Size>
						<AbsPoint x="17" y="17" />
					</Size>
					<Anchors>
						<Anchor point="topleft" relativePoint="topleft" >
							<AbsPoint x="0" y="0" />
						</Anchor>
					</Anchors>
					<EventHandlers>
						<EventHandler event="OnLButtonUp" function="LegacyRunebook.OnRuneClicked" />
					</EventHandlers>
				</Button>

				<Label name="$parentName" font="UO_DefaultText" maxchars="64" textalign="left" >
					<Size>
						<AbsPoint x="175" y="20" />
					</Size>
					<Anchors>
						<Anchor point="topright" relativePoint="topleft" relativeTo="$parentIcon">
							<AbsPoint x="3" y="1" />
						</Anchor>
					</Anchors>
				</Label>
			</Windows>
			<EventHandlers>
				<EventHandler event="OnLButtonDown" function="LegacyRunebook.OnRuneClicked" />
			</EventHandlers>
		</Window>

		<!-- Ter Mur (Brown) Template -->
		<Window name="LegacyBrownRuneTemplate" layer="overlay">
			<Size>
				<AbsPoint x="230" y="20" />
			</Size>
			<Windows>
				<Button name="$parentIcon" inherits="LegacyBrownDiamond" >
					<Size>
						<AbsPoint x="17" y="17" />
					</Size>
					<Anchors>
						<Anchor point="topleft" relativePoint="topleft" >
							<AbsPoint x="0" y="0" />
						</Anchor>
					</Anchors>
					<EventHandlers>
						<EventHandler event="OnLButtonUp" function="LegacyRunebook.OnRuneClicked" />
					</EventHandlers>
				</Button>

				<Label name="$parentName" font="UO_DefaultText" maxchars="64" textalign="left" >
					<Size>
						<AbsPoint x="175" y="20" />
					</Size>
					<Anchors>
						<Anchor point="topright" relativePoint="topleft" relativeTo="$parentIcon">
							<AbsPoint x="3" y="1" />
						</Anchor>
					</Anchors>
				</Label>
			</Windows>
			<EventHandlers>
				<EventHandler event="OnLButtonDown" function="LegacyRunebook.OnRuneClicked" />
				<EventHandler event="OnKeyEnter" function="LegacyRunebook.OnKeyEnter"/>
			</EventHandlers>
		</Window>

		<!-- Default (Yellow) Template -->
		<Window name="LegacyDefaultButtonTemplate" layer="overlay">
			<Size>
				<AbsPoint x="230" y="20" />
			</Size>
			<Windows>
				<Button name="$parentIcon" inherits="LegacyDefaultDiamond" >
					<Size>
						<AbsPoint x="17" y="17" />
					</Size>
					<Anchors>
						<Anchor point="topleft" relativePoint="topleft" >
							<AbsPoint x="0" y="0" />
						</Anchor>
					</Anchors>
					<EventHandlers>
						<EventHandler event="OnLButtonUp" function="LegacyRunebook.OnDefaultClicked" />
					</EventHandlers>
				</Button>
				<Label name="$parentName" font="UO_DefaultText" maxchars="64" textalign="left" >
					<Size>
						<AbsPoint x="175" y="20" />
					</Size>
					<Anchors>
						<Anchor point="topright" relativePoint="topleft" relativeTo="$parentIcon">
							<AbsPoint x="3" y="1" />
						</Anchor>
					</Anchors>
					<TextColors>
						<Normal r="243" g="227" b="49" a="255"/>
						<Disabled r="33" g="20" b="0" a="255"/>
					</TextColors>
				</Label>
			</Windows>
			<EventHandlers>
				<EventHandler event="OnLButtonDown" function="LegacyRunebook.OnDefaultClicked" />
			</EventHandlers>
		</Window>

		<!-- Coordinates Template -->
		<Window name="LegacyRuneCoordsTemplate" layer="overlay" >
			<Size>
				<AbsPoint x="130" y="60" />
			</Size>
			<Windows>
				<Button name="$parentIcon" texture="" >
					<Size>
						<AbsPoint x="0" y="0" />
					</Size>
					<Anchors>
						<Anchor point="topleft" relativePoint="topleft" >
							<AbsPoint x="0" y="0" />
						</Anchor>
					</Anchors>
				</Button>

				<Label name="$parentName" font="UO_DefaultText" maxchars="64" textalign="center" layer="overlay" wordwrap="true" >
					<Size>
						<AbsPoint x="80" y="20" />
					</Size>
					<Anchors>
						<Anchor point="topleft" relativePoint="topleft" relativeTo="$parentIcon">
							<AbsPoint x="30" y="10" />
						</Anchor>
					</Anchors>
					<TextColors>
						<Normal r="0" g="0" b="0" a="255"/>
					</TextColors>
				</Label>
			</Windows>
		</Window>

		<!-- Main Window -->
		<Window name="LEGACY_Runebook_GUMP" movable="true">
			<Size>
				<AbsPoint x="635" y="400" />
			</Size>
			<Anchors>
				<Anchor point="center" relativePoint="center" />
			</Anchors>
			<EventHandlers>
				<EventHandler event="OnInitialize" function="LegacyRunebook.Initialize" />
				<EventHandler event="OnShutdown" function="LegacyRunebook.Shutdown" />
				<EventHandler event="OnRButtonUp" function="UO_DefaultWindow.CloseDialog" />

				<EventHandler event="OnKeyEnter" function="LegacyRunebook.OnKeyEnter"/>
				<EventHandler event="OnKeyEscape" function="UO_DefaultWindow.CloseDialog"/>
				<EventHandler event="OnKeyTab" function="LegacyRunebook.OnKeyTab"/>

			</EventHandlers>
			<Windows>
				<!-- Default chrome. Alter this at your own peril. -->
				<Window name="$parentChrome" inherits="UO_DefaultWindow">
					<Anchors>
						<Anchor point="topleft" relativePoint="topleft" />
						<Anchor point="bottomright" relativePoint="bottomright"/>
					</Anchors>
				</Window>
				<!-- End of default chrome boilerplate code -->

				<HorizontalResizeImage name="$parentBook" texture="Legacy_Gumps_Runebook" handleinput="false" layer="background" popable="false">
					<Size>
						<AbsPoint x="642" y="405" />
					</Size>
					<Anchors>
						<Anchor point="topleft" relativePoint="topleft" >
							<AbsPoint x="-2" y="-6" />
						</Anchor>
					</Anchors>
					<Sizes left="642" middle="0" right="0" />
					<TexCoords>
						<Left x="0" y="0" />
						<Middle x="500" y="340" />
						<Right x="642" y="412" />
					</TexCoords>
				</HorizontalResizeImage>

				<!-- Charges -->
				<Label name="$parentCharges" font="UO_DefaultText" maxchars="32" textalign="left" layer="overlay" >
					<Size>
						<AbsPoint x="200" y="40" />
					</Size>
					<Anchors>
						<Anchor point="topleft" relativePoint="topleft" >
							<AbsPoint x="50" y="20" />
						</Anchor>
					</Anchors>
					<TextColors>
						<Normal r="0" g="0" b="0" a="255"/>
					</TextColors>
				</Label>

				<!-- Rename Book -->
				<Window name="$parentRenameBook" inherits="LegacyDefaultButtonTemplate" layer="overlay" >
					<Anchors>
						<Anchor point="topright" relativePoint="topleft" relativeTo="$parentCharges" >
							<AbsPoint x="100" y="0" />
						</Anchor>
					</Anchors>
				</Window>

				<!-- Left inner window -->
				<Window name="$parentFirst" movable="false" >
					<Size>
						<AbsPoint x="240" y="200" />
					</Size>
					<Anchors>
						<Anchor point="topleft" relativePoint="topleft">
							<AbsPoint x="45" y="40" />
						</Anchor>
					</Anchors>
					<Windows>

					</Windows>
				</Window>

				<!-- Right inner window -->
				<Window name="$parentSecond" movable="false"  >
					<Size>
						<AbsPoint x="240" y="200" />
					</Size>
					<Anchors>
						<Anchor point="topright" relativePoint="topleft" relativeTo="$parentFirst" >
							<AbsPoint x="60" y="0" />
						</Anchor>
					</Anchors>
					<Windows>

					</Windows>
				</Window>

				<!-- Coordinates plaque position -->
				<Window name="$parentCoords" inherits="LegacyRuneCoordsTemplate" layer="overlay" >
					<Anchors>
						<Anchor point="bottomleft" relativePoint="topleft" relativeTo="$parentFirst" >
							<AbsPoint x="-10" y="15" />
						</Anchor>
					</Anchors>
				</Window>

				<!-- Location name (after a rune is selected) -->
				<Window name="$parentLocation" layer="overlay" >
					<Size>
						<AbsPoint x="180" y="28" />
					</Size>
					<Anchors>
						<Anchor point="bottomleft" relativePoint="topleft" relativeTo="$parentCoords">
							<AbsPoint x="13" y="28" />
						</Anchor>
					</Anchors>
					<Windows>
						<!--						<HorizontalResizeImage name="$parentHorRule" inherits="UO_Default_Horizontal_Rule">
							<Size>
								<AbsPoint x="260" y="4"/>
							</Size>
						</HorizontalResizeImage> -->

						<Label name="$parentName" font="UO_DefaultText" maxchars="64" textalign="left" >
							<Size>
								<AbsPoint x="260" y="20" />
							</Size>
							<Anchors>
								<Anchor point="bottomleft" relativePoint="topleft" relativeTo="$parentLocation">
									<AbsPoint x="0" y="25" />
								</Anchor>
							</Anchors>
							<TextColors>
								<Normal r="0" g="0" b="0" a="255"/>
							</TextColors>
						</Label>
					</Windows>
				</Window>

				<!-- Bottom Buttons -->
				<Window name="$parentDropRune" inherits="LegacyDefaultButtonTemplate" id="18" layer="overlay" >
					<Size>
						<AbsPoint x="100" y="20" />
					</Size>
					<Anchors>
						<Anchor point="bottomleft" relativePoint="topleft" relativeTo="$parentFirst" >
							<AbsPoint x="135" y="0" />
						</Anchor>
					</Anchors>
				</Window>
				<Window name="$parentSetDefault" inherits="LegacyDefaultButtonTemplate" layer="overlay"  >
					<Size>
						<AbsPoint x="100" y="20" />
					</Size>
					<Anchors>
						<Anchor point="bottomleft" relativePoint="topleft" relativeTo="$parentDropRune" >
							<AbsPoint x="0" y="50" />
						</Anchor>
					</Anchors>
				</Window>

				<Window name="$parentRecall" inherits="LegacyDefaultButtonTemplate" layer="overlay" >
					<!-- 					<Anchors>
						<Anchor point="bottomleft" relativePoint="topleft" relativeTo="$parentDropRune" />
					</Anchors>	 -->
					<Size>
						<AbsPoint x="150" y="20" />
					</Size>
					<Anchors>
						<Anchor point="bottomleft" relativePoint="topleft" relativeTo="$parentSecond" >
							<AbsPoint x="50" y="0" />
						</Anchor>
					</Anchors>
				</Window>

				<Window name="$parentRecallSpell" inherits="LegacyDefaultButtonTemplate" layer="overlay" >
					<Size>
						<AbsPoint x="150" y="20" />
					</Size>
					<Anchors>
						<Anchor point="bottomleft" relativePoint="topleft" relativeTo="$parentRecall" >
							<AbsPoint x="0" y="4" />
						</Anchor>
					</Anchors>
				</Window>

				<Window name="$parentGateTravel" inherits="LegacyDefaultButtonTemplate" layer="overlay" >
					<Size>
						<AbsPoint x="150" y="20" />
					</Size>
					<Anchors>
						<Anchor point="bottomleft" relativePoint="topleft" relativeTo="$parentRecallSpell" >
							<AbsPoint x="0" y="4" />
						</Anchor>
					</Anchors>
				</Window>

				<Window name="$parentSacred" inherits="LegacyDefaultButtonTemplate" layer="overlay" >
					<Size>
						<AbsPoint x="150" y="20" />
					</Size>
					<Anchors>
						<Anchor point="bottomleft" relativePoint="topleft" relativeTo="$parentGateTravel" >
							<AbsPoint x="0" y="4" />
						</Anchor>
					</Anchors>
				</Window>



			</Windows>
		</Window>
	</Windows>
</Interface>

