<Interface xmlns:xsi="http://www.w3.org/2001/XMLSchema-instance" xsi:noNamespaceSchemaLocation="../../Interface.xsd">
  <Windows>
    <Button name="ShowMobileButtonTemplate" inherits="UO_Default_SmallNextButton">
      <Size>
        <AbsPoint x="30" y="23" />
      </Size>
      <EventHandlers>
        <EventHandler event="OnLButtonUp" function="MobilesOnScreen.ShowPet" />
        <EventHandler event="OnRButtonUp" function="MobilesOnScreen.Lock" />
        <EventHandler event="OnLButtonDown" function="MobilesOnScreen.OnMouseDrag" />
        <EventHandler event="OnMouseOver" function="MobilesOnScreen.ShowPetToolTip" />
        <EventHandler event="OnMouseOverEnd" function="MobilesOnScreen.ShowPetToolTipEnd" />
      </EventHandlers>
    </Button>
    <Button name="HideMobileButtonTemplate" inherits="UO_Default_SmallPreviousButton">
      <Size>
        <AbsPoint x="30" y="23" />
      </Size>
      <EventHandlers>
        <EventHandler event="OnLButtonUp" function="MobilesOnScreen.HidePet" />
        <EventHandler event="OnRButtonUp" function="MobilesOnScreen.Lock" />
        <EventHandler event="OnMouseOver" function="MobilesOnScreen.HidePetToolTip" />
        <EventHandler event="OnMouseOverEnd" function="MobilesOnScreen.HidePetToolTipEnd" />
      </EventHandlers>
    </Button>
    <Button name="ShowMobileButtonTemplateR" inherits="UO_Default_SmallPreviousButton">
      <Size>
        <AbsPoint x="30" y="23" />
      </Size>
      <EventHandlers>
        <EventHandler event="OnLButtonUp" function="MobilesOnScreen.ShowPet" />
        <EventHandler event="OnRButtonUp" function="MobilesOnScreen.Lock" />
        <EventHandler event="OnLButtonDown" function="MobilesOnScreen.OnMouseDrag" />
        <EventHandler event="OnMouseOver" function="MobilesOnScreen.ShowPetToolTip" />
        <EventHandler event="OnMouseOverEnd" function="MobilesOnScreen.ShowPetToolTipEnd" />
      </EventHandlers>
    </Button>
    <Button name="HideMobileButtonTemplateR" inherits="UO_Default_SmallNextButton">
      <Size>
        <AbsPoint x="30" y="23" />
      </Size>
      <EventHandlers>
        <EventHandler event="OnLButtonUp" function="MobilesOnScreen.HidePet" />
        <EventHandler event="OnRButtonUp" function="MobilesOnScreen.Lock" />
        <EventHandler event="OnMouseOver" function="MobilesOnScreen.HidePetToolTip" />
        <EventHandler event="OnMouseOverEnd" function="MobilesOnScreen.HidePetToolTipEnd" />
      </EventHandlers>
    </Button>
    <Window name="MobilesOnScreenWindow" layer="background" movable="true" sticky="true">
      <Size>
        <AbsPoint x="190" y="37" />
      </Size>
      <Anchors>
        <Anchor point="topleft" relativePoint="topleft">
          <AbsPoint x="0" y="100" />
        </Anchor>
      </Anchors>
      <EventHandlers>
        <EventHandler event="OnInitialize" function="MobilesOnScreen.Initialize" />
        <EventHandler event="OnShutdown" function="MobilesOnScreen.Shutdown" />
        <EventHandler event="OnLButtonDown" function="MobilesOnScreen.OnMouseDrag" />
        <EventHandler event="OnUpdate" function="MobilesOnScreen.SlowUpdate" />
        <EventHandler event="OnMouseWheel" function="WindowUtils.Scale" />
      </EventHandlers>
      <Windows>
        <Window name="$parentHideView" moveable="false">
          <Size>
            <AbsPoint x="40" y="37" />
          </Size>
          <Anchors>
            <Anchor point="topleft" relativePoint="topleft">
              <AbsPoint x="0" y="0" />
            </Anchor>
          </Anchors>
          <Windows>
            <Button name="$parentShowButton" inherits="ShowMobileButtonTemplate">
              <Anchors>
                <Anchor point="topleft" relativePoint="topleft">
                  <AbsPoint x="10" y="0" />
                </Anchor>
              </Anchors>
            </Button>
            <Button name="$parentShowButtonR" inherits="ShowMobileButtonTemplateR">
              <Anchors>
                <Anchor point="topleft" relativePoint="topleft">
                  <AbsPoint x="10" y="0" />
                </Anchor>
              </Anchors>
            </Button>
            <Label name="$parentName" font="Arial_Black_Shadow_15" maxchars="16" textalign="left" handleinput="false" wordwrap="true" linespacing="18" autoresize="true" autoresizewidth="true">
              <Size>
                <AbsPoint x="150" y="0" />
              </Size>
              <Anchors>
                <Anchor point="bottomleft" relativePoint="topleft" relativeTo="$parent">
                  <AbsPoint x="10" y="-20" />
                </Anchor>
              </Anchors>
            </Label>
          </Windows>
        </Window>
        <Window name="$parentShowView"	movable="false">
          <Size>
            <AbsPoint x="190" y="37" />
          </Size>
          <Anchors>
            <Anchor point="topleft" relativePoint="topleft">
              <AbsPoint x="0" y="0" />
            </Anchor>
          </Anchors>
          <Windows>
            <!--Default Black background texture -->
            <DynamicImage name="$parentTitleBar" layer="background" alpha="0.3" textureScale="2">
              <Size>
                <AbsPoint x="190" y="37" />
              </Size>
              <Anchors>
                <Anchor point="topleft" relativePoint="topleft" relativeTo="$parent"  />
                <Anchor point="bottomright" relativePoint="bottomright" relativeTo="$parent"  />
              </Anchors>
            </DynamicImage>
            <FullResizeImage name="$parentFrame" inherits="UO_Simple_Frame" layer="background" frameonly="false">
              <Anchors>
                <Anchor point="topleft" relativePoint="topleft" />
                <Anchor point="bottomright" relativePoint="bottomright" />
              </Anchors>
            </FullResizeImage>
            <Label name="$parentName" font="Arial_Black_Shadow_15" maxchars="16" textalign="center" handleinput="false" wordwrap="true" linespacing="18">
              <Size>
                <AbsPoint x="150" y="10" />
              </Size>
              <Anchors>
                <Anchor point="top" relativePoint="top">
                  <AbsPoint x="0" y="7" />
                </Anchor>
              </Anchors>
            </Label>
            <!-- Left arrow circle button -->
            <Button name="$parentHideButton" inherits="HideMobileButtonTemplate" >
              <Size>
                <AbsPoint x="34" y="23" />
              </Size>
              <Anchors>
                <Anchor point="topright" relativePoint="topleft" relativeTo="$parentTitleBar">
                  <AbsPoint x="-37" y="7" />
                </Anchor>
              </Anchors>
            </Button>
            <Button name="$parentHideButtonR" inherits="HideMobileButtonTemplateR" >
              <Anchors>
                <Anchor point="topright" relativePoint="topleft">
                  <AbsPoint x="-37" y="7" />
                </Anchor>
              </Anchors>
            </Button>
            <Button name="MobilesOnScreenWindowLock" layer="popup" backgroundtexture="UO_Core" highlighttexture="UO_Core" textureScale="1">
              <Size>
                <AbsPoint x="20" y="20" />
              </Size>
              <EventHandlers>
                <EventHandler event="OnLButtonUp" function="MobilesOnScreen.LockMe" />
                <EventHandler event="OnMouseOver" function="MobilesOnScreen.LockTooltip" />
              </EventHandlers>
              <TexCoords>
                <Normal x="0" y="0" />
                <NormalHighlit x="0" y="0" />
                <Pressed x="0" y="0" />
                <PressedHighlit x="0" y="0" />
                <Disabled x="0" y="0" />
              </TexCoords>
              <Anchors>
                <Anchor point="topleft" relativePoint="topleft" relativeTo="$parent">
                  <AbsPoint x="5" y="5" />
                </Anchor>
              </Anchors>
            </Button>
          </Windows>
        </Window>
      </Windows>
    </Window>
    <!--End of MobilesOnScreen -->
    <Window name="DockPointTemplate" movable="false" sticky="true">
      <Size>
        <AbsPoint x="190" y="37" />
      </Size>
      <Anchors>
        <Anchor point="topleft" relativePoint="topleft">
          <AbsPoint x="200" y="200" />
        </Anchor>
      </Anchors>
      <EventHandlers>
        <EventHandler event="OnLButtonUp" function="MobilesOnScreen.Dockspot_OnLButtonUp" />
        <EventHandler event="OnLButtonDown" function="MobilesOnScreen.Dockspot_OnLButtonDown" />
        <EventHandler event="OnMouseWheel" function="WindowUtils.Scale" />
      </EventHandlers>
      <Windows>
        <Window name="$parentShowView"	movable="false">
          <Size>
            <AbsPoint x="190" y="37" />
          </Size>
          <Anchors>
            <Anchor point="topleft" relativePoint="topleft">
              <AbsPoint x="0" y="0" />
            </Anchor>
          </Anchors>
          <Windows>
            <!-- Gold title bar -->
            <DynamicImage name="$parentTitleBar" texture="mobilebarDockspot_big" layer="background" handleinput="false" textureScale="1.47" alpha="0.6">
              <Size>
                <AbsPoint x="190" y="37" />
              </Size>
              <TexCoords x="0" y="0" />
              <Anchors>
                <Anchor point="topleft" relativePoint="topleft" relativeTo="$parent"  />
                <Anchor point="bottomright" relativePoint="bottomright" relativeTo="$parent"  />
              </Anchors>
            </DynamicImage>
            <Label name="$parentName" font="Arial_Black_Shadow_15" maxchars="16" textalign="center" handleinput="false" wordwrap="true" linespacing="18" autoresize="true" autoresizewidth="true">
              <Size>
                <AbsPoint x="155" y="10" />
              </Size>
              <Anchors>
                <Anchor point="top" relativePoint="top" relativeTo="$parentTitleBar">
                  <AbsPoint x="0" y="2" />
                </Anchor>
              </Anchors>
            </Label>
          </Windows>
        </Window>
      </Windows>
    </Window>
  </Windows>
</Interface>
