<Interface xmlns:xsi="http://www.w3.org/2001/XMLSchema-instance" xsi:noNamespaceSchemaLocation="../../Interface.xsd">
    <Scripts>
        <Script file="Source/NewChatOptionsWindow.lua" />
    </Scripts>
    <Windows>

      <!--*******************************************************************-->
      <!--                              Templates                            -->
      <!--*******************************************************************-->
        <!-- Row Label Template -->
        <Label name="ChatOptionsChannelLabelTemplate" maxchars="64" wordwrap="false" font="UO_DefaultText" textalign="leftcenter">
            <EventHandlers>
                <EventHandler event="OnLButtonUp" function="NewChatOptionsWindow.OnLButtonUpChannelLabel" />
            </EventHandlers>
        </Label>

        <Button name="ChatOptionsRowTemplate" drawchildrenfirst="true">
            <Size>
                <AbsPoint x="230" y="28" />
            </Size>
            <TextColors>
                <Normal r="255" g="255" b="255" a="255" />
                <NormalHighlit r="250" g="213" b="63" a="255" />
                <Pressed r="250" g="213" b="63" a="255" />
                <PressedHighlit r="250" g="213" b="63" a="255" />
                <Disabled r="92" g="92" b="92" a="255" />
            </TextColors>

            <Windows>

                <Label name="$parentChannelName" inherits="ChatOptionsChannelLabelTemplate">
                    <Size>
                        <AbsPoint x="200" y="24" />
                    </Size>
                    <Anchors>
                        <Anchor point="right" relativePoint="left" relativeTo="$parentEnabled">
                            <AbsPoint x="10" y="0" />
                        </Anchor>
                    </Anchors>
                </Label>
            </Windows>
        </Button>
      
      <!--*******************************************************************-->
      <!--                      Whole Window Definition                      -->
      <!--*******************************************************************-->
      <Window name="NewChatOptionsWindow" movable="true" layer="secondary">
        <Size>
          <AbsPoint x="450" y="750" />
        </Size>
        <Anchors>
          <Anchor point="topright" relativePoint="topleft" relativeTo="ChatMenuWindowOptionsButton">
            <AbsPoint x="-30" y="0" />
          </Anchor>
        </Anchors>
        <EventHandlers>
          <EventHandler event="OnInitialize" function="NewChatOptionsWindow.Initialize"/>
          <EventHandler event="OnShutdown" function="NewChatOptionsWindow.Shutdown"/>
          <EventHandler event="OnShown" function="NewChatOptionsWindow.OnShown" />
          <EventHandler event="OnHidden" function="NewChatOptionsWindow.OnHidden" />
        </EventHandlers>
        <Windows>

            <!-- Default chrome. Alter this at your own peril. -->
            <Window name="$parentChrome" inherits="UO_DefaultWindow">
                <Anchors>
                    <Anchor point="topleft" relativePoint="topleft"/>
                    <Anchor point="bottomright" relativePoint="bottomright"/>
                </Anchors>
            </Window>
            <!-- End of default chrome boilerplate code -->
            
            <Label name="$parentHelpHeaderText" font="UO_DefaultText" maxchars="256" textalign="left" handleinput="false">
                <Size>
                    <AbsPoint x="400" y="50" />
                </Size>
                <Color r="253" g="253" b="253" />
                <Anchors>
                    <Anchor point="topleft" relativePoint="topleft" relativeTo="">
                        <AbsPoint x="20" y="60" />
                    </Anchor>
                </Anchors>
            </Label>

            <Button name="$parentAcceptButton" inherits="UO_Default_Medium_Select_Button" font="UO_DefaultText" textalign="center">
                <Anchors>
                    <Anchor point="bottom" relativePoint="bottom" relativeTo="">
                        <AbsPoint x="0" y="-20" />
                    </Anchor>
                </Anchors>
                <EventHandlers>
                    <EventHandler event="OnLButtonUp" function="NewChatOptionsWindow.SetAllColorChanges"/>
                </EventHandlers>
            </Button>
            <!--<Window name="$parentDescriptionSeperator" inherits="EA_Window_DefaultSeparator" handleinput="false" >
                <Anchors>
                    <Anchor point="bottomleft" relativePoint="bottomleft" relativeTo="$parentTitleBar" >
                        <AbsPoint x="0" y="45" />
                    </Anchor>
                    <Anchor point="bottomright" relativePoint="bottomright" relativeTo="$parentTitleBar" >
                        <AbsPoint x="0" y="45" />
                    </Anchor>
                </Anchors>
            </Window>-->
            <!-- Color Box Picker -->
            <ColorPicker name="$parentColorPicker" texture="Color_Button" columnsPerRow="4">
                <ColorTexCoords x="0" y="0" />
                <ColorTexDims x="24" y="24" />
                <ColorSize x="28" y="28" />
                <ColorSpacing x="5" y="5" />
                <Size>
                    <AbsPoint x="250" y="300" />
                </Size>
                <Anchors>
                    <Anchor point="topright" relativePoint="topleft" relativeTo="$parentList" >
                        <AbsPoint x="30" y="25" />
                    </Anchor>
                </Anchors>
                <EventHandlers>
                    <EventHandler event="OnLButtonUp" function="NewChatOptionsWindow.OnLButtonUpColorPicker" />
                </EventHandlers>
            </ColorPicker>
            
            <!-- Color Selection Circle -->
            <DynamicImage name="$parentColorSelectionRing" texture="Color_Ring" layer="popup" popable="false" sticky="false" >
                <Size>
                    <AbsPoint x="38" y="38" />
                </Size>
                <TexCoords x="0" y="0" />
            </DynamicImage>

            <!-- Custom Color Swatch -->
            <Label name="$parentCustomColorText" font="UO_DefaultText" maxchars="256" textalign="left" handleinput="false" autoresize="true">
                <Size>
                    <AbsPoint x="400" y="50" />
                </Size>
                <Anchors>
                    <Anchor point="topleft" relativePoint="topleft" relativeTo="$parentColorPicker">
                        <AbsPoint x="0" y="285" />
                    </Anchor>
                </Anchors>
            </Label>
            <DynamicImage name="$parentCustomColorSwatch" inherits="ColorPickerWindowColorTemplate" alpha="1.0">
                <Anchors>
                    <Anchor point="bottomleft" relativePoint="topleft" relativeTo="$parentCustomColorText">
                        <AbsPoint x="25" y="10" />
                    </Anchor>
                </Anchors>
            </DynamicImage>

            <FullResizeImage name="$parentChannelSelection" inherits="UO_Context_Item_Selection">
            </FullResizeImage>
            
            <!-- Custom Color Slider (Red) -->
            <!-- Custom Color Swatch -->
            <Label name="$parentCustomColorRedText" font="UO_DefaultText" maxchars="256" textalign="left" handleinput="false" autoresize="true">
                <Size>
                    <AbsPoint x="400" y="50" />
                </Size>
                <Anchors>
                    <Anchor point="bottomleft" relativePoint="topleft" relativeTo="$parentCustomColorSwatch">
                        <AbsPoint x="-25" y="10" />
                    </Anchor>
                </Anchors>
            </Label>
            <SliderBar name="$parentCustomColorRedSlider" inherits="UO_Default_Horizontal_SliderBar" >
                <Size>
                    <AbsPoint x="140" y="33" />
                </Size>
                <Anchors>
                    <Anchor point="bottomleft" relativePoint="topleft" relativeTo="$parentCustomColorRedText">
                        <AbsPoint x="0" y="10" />
                    </Anchor>
                </Anchors>
                <EventHandlers>
                    <EventHandler event="OnSlide" function="NewChatOptionsWindow.OnSetCustomColor" />
                </EventHandlers>
            </SliderBar>
            <!-- Custom Color Slider (Green) -->
            <!-- Custom Color Swatch -->
            <Label name="$parentCustomColorGreenText" font="UO_DefaultText" maxchars="256" textalign="left" handleinput="false" autoresize="true">
                <Size>
                    <AbsPoint x="400" y="50" />
                </Size>
                <Anchors>
                    <Anchor point="bottomleft" relativePoint="topleft" relativeTo="$parentCustomColorRedSlider">
                        <AbsPoint x="0" y="10" />
                    </Anchor>
                </Anchors>
            </Label>
            <SliderBar name="$parentCustomColorGreenSlider" inherits="UO_Default_Horizontal_SliderBar" >
                <Size>
                    <AbsPoint x="140" y="33" />
                </Size>
                <Anchors>
                    <Anchor point="bottomleft" relativePoint="topleft" relativeTo="$parentCustomColorGreenText">
                        <AbsPoint x="0" y="10" />
                    </Anchor>
                </Anchors>
                <EventHandlers>
                    <EventHandler event="OnSlide" function="NewChatOptionsWindow.OnSetCustomColor" />
                </EventHandlers>
            </SliderBar>
            <!-- Custom Color Slider (Blue) -->
            <!-- Custom Color Swatch -->
            <Label name="$parentCustomColorBlueText" font="UO_DefaultText" maxchars="256" textalign="left" handleinput="false" autoresize="true">
                <Size>
                    <AbsPoint x="400" y="50" />
                </Size>
                <Anchors>
                    <Anchor point="bottomleft" relativePoint="topleft" relativeTo="$parentCustomColorGreenSlider">
                        <AbsPoint x="0" y="10" />
                    </Anchor>
                </Anchors>
            </Label>
            <SliderBar name="$parentCustomColorBlueSlider" inherits="UO_Default_Horizontal_SliderBar" >
                <Size>
                    <AbsPoint x="140" y="33" />
                </Size>
                <Anchors>
                    <Anchor point="bottomleft" relativePoint="topleft" relativeTo="$parentCustomColorBlueText">
                        <AbsPoint x="0" y="10" />
                    </Anchor>
                </Anchors>
                <EventHandlers>
                    <EventHandler event="OnSlide" function="NewChatOptionsWindow.OnSetCustomColor" />
                </EventHandlers>
            </SliderBar>
            
            <!-- List Box -->
            <ListBox name="$parentList" rowdef="ChatOptionsRowTemplate" visiblerows="15" rowcount="20" rowspacing="0">
                <Anchors>
                    <Anchor point="topleft" relativePoint="topleft" relativeTo="">
                        <AbsPoint x="20" y="90"/>
                    </Anchor>
                    <Anchor point="bottom" relativePoint="bottomright" relativeTo="">
                        <AbsPoint x="10" y="-64"/>
                    </Anchor>
                </Anchors>
                <ListData table="NewChatOptionsWindow.channelListData" populationfunction="NewChatOptionsWindow.UpdateChatOptionRow">
                    <ListColumns>
                        <ListColumn windowname="ChannelName" variable="channelName" format="wstring" />
                    </ListColumns>
                </ListData>
                <EventHandlers>
                    <EventHandler event="OnMouseWheel" function="NewChatOptionsWindow.ClearSelectionImage"/>
                </EventHandlers>
            </ListBox>

            <VerticalResizeImage name="$parentVRule" inherits="UO_Default_Vertical_Rule" layer="background" handleinput="false">
                <Size>
                    <AbsPoint x="4" y="600" />
                </Size>
                <Anchors>
                    <Anchor point="right" relativePoint="left" relativeTo="$parentList">
                        <AbsPoint x="0" y="0" />
                    </Anchor>
                </Anchors>
            </VerticalResizeImage>
            
        </Windows>
      </Window>
      
    </Windows>
</Interface>