<Interface xmlns:xsi="http://www.w3.org/2001/XMLSchema-instance" xsi:noNamespaceSchemaLocation="../../Interface.xsd">
	<Windows>

		<Button name="ItemSlotButtonDef" draganddrop="true" layer="overlay">
			<Size>
				<AbsPoint x="48" y="48" />
			</Size>
			<Windows>							
				<DynamicImage name="$parentSquareIcon" texturescale="1.0" handleinput="false" layer="overlay">
					<Size>
						<AbsPoint x="48" y="48" />
					</Size>
					<Anchors>
						<Anchor point="center" relativePoint="center" relativeTo="$parent">
							<AbsPoint x="0" y="0" />
						</Anchor>
					</Anchors>
				</DynamicImage>
				<DynamicImage name="$parentSquareDamage" texture="square_damage" texturescale="1.0" handleinput="false">
					<Size>
						<AbsPoint x="48" y="48" />
					</Size>
					<Anchors>
						<Anchor point="center" relativePoint="center" relativeTo="">
							<AbsPoint x="0" y="0" />
						</Anchor>
					</Anchors>
					<TexCoords x="0" y="0" />
				</DynamicImage>

				<CircleImage name="$parentRoundDamage" texture="round_damage" numsegments="16" texturescale="1.0" handleinput="false">
					<Size>
						<AbsPoint x="32" y="32" />
					</Size>
					<Anchors>
						<Anchor point="center" relativePoint="center" relativeTo="">
							<AbsPoint x="0" y="0" />
						</Anchor>
					</Anchors>
					<TexCoords x="16" y="16" />
				</CircleImage>

				<DynamicImage name="$parentSquareBroken" texture="square_broken" texturescale="1.0" handleinput="false">
					<Size>
						<AbsPoint x="48" y="48" />
					</Size>
					<Anchors>
						<Anchor point="center" relativePoint="center" relativeTo="">
							<AbsPoint x="0" y="0" />
						</Anchor>
					</Anchors>
					<TexCoords x="0" y="0" />
				</DynamicImage>
				<CircleImage name="$parentRoundBroken" texture="round_broken" numsegments="16" texturescale="1.0" handleinput="false">
					<Size>
						<AbsPoint x="32" y="32" />
					</Size>
					<Anchors>
						<Anchor point="center" relativePoint="center" relativeTo="">
							<AbsPoint x="0" y="0" />
						</Anchor>
					</Anchors>
					<TexCoords x="16" y="16" />
				</CircleImage>
			</Windows>
			<EventHandlers>
				<EventHandler event="OnLButtonDown" function="PaperdollWindow.SlotLButtonDown" />
				<EventHandler event="OnLButtonUp" function="PaperdollWindow.SlotLButtonUp" />
				<EventHandler event="OnLButtonDblClk" function="PaperdollWindow.SlotLButtonDblClk" />
				<EventHandler event="OnRButtonDown" function="PaperdollWindow.SlotRButtonDown" />
				<EventHandler event="OnMouseOver" function="PaperdollWindow.ItemMouseOver" />
				<EventHandler event="OnMouseOverEnd" function="ItemProperties.ClearMouseOverItem" />
			</EventHandlers>
		</Button>

		<Window name="PaperdollWindow" movable="true" sticky="true" popable="true" layer="default">
			<Size>
				<AbsPoint x="440" y="732" />
			</Size>
			<Anchors>
				<Anchor point="topleft" relativePoint="topleft">
					<AbsPoint x="-1000" y="-1000" />
				</Anchor>
			</Anchors>
			<EventHandlers>
				<EventHandler event="OnInitialize" function="PaperdollWindow.Initialize" />
				<EventHandler event="OnShutdown" function="PaperdollWindow.Shutdown" />
				<EventHandler event="OnLButtonDown" function="PaperdollWindow.OnMouseDrag" />
				<EventHandler event="OnMouseWheel" function="WindowUtils.Scale" />
				<EventHandler event="OnRButtonUp" function="PaperdollWindow.CloseWindow" />
			</EventHandlers>
			<Windows>






				<Button name="$parentLock">
					<Size>
						<AbsPoint x="25" y="25" />
					</Size>
					<EventHandlers>
						<EventHandler event="OnLButtonUp" function="PaperdollWindow.Lock" />
						<EventHandler event="OnMouseOver" function="PaperdollWindow.LockTooltip" />
					</EventHandlers>
					<Anchors>
						<Anchor point="top" relativePoint="center">
							<AbsPoint x="130" y="80" />
						</Anchor>
					</Anchors>
				</Button>
				<DynamicImage name="$parentBGBG" texture="blackBG"  handleinput="false" layer="background" scaleAnchor="center" textureScale="1.15">
					<Size>
						<AbsPoint x="440" y="732" />
					</Size>
					<Anchors>
						<Anchor point="center" relativePoint="center" relativeTo="$parentBG">
							<AbsPoint x="20" y="-4" />
						</Anchor>
					</Anchors>
				</DynamicImage>
				<!--Image of the paperdoll -->
				<DynamicImage name="$parentTexture" texture="" filtering="true" texturescale="1.0" handleinput="true" sticky="false" draganddrop="true" popable="false" layer="secondary"  >
					<Size>
						<AbsPoint x="0" y="0" />
					</Size>
					<Anchors>
						<Anchor point="bottom" relativePoint="center">
							<AbsPoint x="0" y="0" />
						</Anchor>
					</Anchors>
					<TexCoords x="0" y="0" />
					<EventHandlers>
						<EventHandler event="OnLButtonDown" function="PaperdollWindow.OnPaperdollTextureLButtonDown" />
						<EventHandler event="OnLButtonUp" function="PaperdollWindow.OnPaperdollTextureLButtonUp" />
						<EventHandler event="OnLButtonDblClk" function="PaperdollWindow.OnPaperdollTextureLButtonDblClk" />
						<EventHandler event="OnRButtonDown" function="PaperdollWindow.OnPaperdollTextureRButtonDown" />
						<EventHandler event="OnMouseOver" function="PaperdollWindow.OnPaperdollTextureMouseOver" />
						<EventHandler event="OnMouseOverEnd" function="PaperdollWindow.OnPaperdollTextureMouseEnd" />
					</EventHandlers>
				</DynamicImage>
				<!-- DEBUG FRAME 

				<FullResizeImage name="$parentFrame" inherits="UO_Simple_Frame" layer="background" frameonly="false">
					<Anchors>
						<Anchor point="topleft" relativePoint="topleft" relativeTo="$parentTexture"/>
						<Anchor point="bottomright" relativePoint="bottomright" relativeTo="$parentTexture"/>
					</Anchors>
				</FullResizeImage>
-->
				<DynamicImage name="$parentLegacyTexture" texture="" filtering="false" texturescale="2" handleinput="true" sticky="false" draganddrop="true" popable="false" layer="secondary" >
					<Size>
						<AbsPoint x="0" y="0" />
					</Size>
					<Anchors>
						<Anchor point="center" relativePoint="center">
							<AbsPoint x="0" y="0" />
						</Anchor>
					</Anchors>
					<TexCoords x="0" y="0" />
					<EventHandlers>
						<EventHandler event="OnLButtonDown" function="PaperdollWindow.OnPaperdollTextureLButtonDown" />
						<EventHandler event="OnLButtonUp" function="PaperdollWindow.OnPaperdollTextureLButtonUp" />
						<EventHandler event="OnLButtonDblClk" function="PaperdollWindow.OnPaperdollTextureLButtonDblClk" />
						<EventHandler event="OnRButtonDown" function="PaperdollWindow.OnPaperdollTextureRButtonDown" />
						<EventHandler event="OnMouseOver" function="PaperdollWindow.OnPaperdollTextureMouseOver" />
						<EventHandler event="OnMouseOverEnd" function="PaperdollWindow.OnPaperdollTextureMouseEnd" />
					</EventHandlers>
				</DynamicImage>


				<DynamicImage name="$parentBG" texture="paperdollBG"  handleinput="false" layer="secondary">
					<Size>
						<AbsPoint x="440" y="732" />
					</Size>
					<Anchors>
						<Anchor point="topleft" relativePoint="topleft" relativeTo="$parent">
							<AbsPoint x="0" y="20" />
						</Anchor>
					</Anchors>
				</DynamicImage>




				<Button name="$parentItemSlotButton1" inherits="ItemSlotButtonDef" id="1" >
					<Anchors>
						<Anchor point="topleft" relativePoint="topleft">
							<AbsPoint x="27" y="122" />
						</Anchor>
					</Anchors>
					<TexCoords>
						<Normal texture="slot_1" x="0" y="0" />
						<Pressed texture="slot_1" x="0" y="0" />
						<Disabled texture="slot_1" x="0" y="0" />
					</TexCoords>
				</Button>
				<Button name="$parentItemSlotButton2" inherits="ItemSlotButtonDef" id="2" >
					<Anchors>
						<Anchor point="bottomleft" relativePoint="topleft" relativeTo="$parentItemSlotButton1" >
							<AbsPoint x="0" y="2" />
						</Anchor>
					</Anchors>
					<TexCoords>
						<Normal texture="slot_2" x="0" y="0" />
						<Pressed texture="slot_2" x="0" y="0" />
						<Disabled texture="slot_2" x="0" y="0" />
					</TexCoords>
				</Button>
				<Button name="$parentItemSlotButton3" inherits="ItemSlotButtonDef" id="3" >
					<Anchors>
						<Anchor point="bottomleft" relativePoint="topleft" relativeTo="$parentItemSlotButton17" >
							<AbsPoint x="0" y="2" />
						</Anchor>
					</Anchors>
					<TexCoords>
						<Normal texture="slot_3" x="0" y="0" />
						<Pressed texture="slot_3" x="0" y="0" />
						<Disabled texture="slot_3" x="0" y="0" />
					</TexCoords>
				</Button>
				<Button name="$parentItemSlotButton4" inherits="ItemSlotButtonDef" id="4" >
					<Anchors>
						<Anchor point="bottomleft" relativePoint="topleft" relativeTo="$parentItemSlotButton14" >
							<AbsPoint x="0" y="2" />
						</Anchor>
					</Anchors>
					<TexCoords>
						<Normal texture="slot_4" x="0" y="0" />
						<Pressed texture="slot_4" x="0" y="0" />
						<Disabled texture="slot_4" x="0" y="0" />
					</TexCoords>
				</Button>
				<Button name="$parentItemSlotButton5" inherits="ItemSlotButtonDef" id="5" >
					<Anchors>
						<Anchor point="bottomleft" relativePoint="topleft" relativeTo="$parentItemSlotButton4" >
							<AbsPoint x="0" y="2" />
						</Anchor>
					</Anchors>
					<TexCoords>
						<Normal texture="slot_5" x="0" y="0" />
						<Pressed texture="slot_5" x="0" y="0" />
						<Disabled texture="slot_5" x="0" y="0" />
					</TexCoords>
				</Button>
				<Button name="$parentItemSlotButton6" inherits="ItemSlotButtonDef" id="6" >
					<Anchors>
						<Anchor point="bottomleft" relativePoint="topleft" relativeTo="$parentItemSlotButton15" >
							<AbsPoint x="0" y="2" />
						</Anchor>
					</Anchors>
					<TexCoords>
						<Normal texture="slot_6" x="0" y="0" />
						<Pressed texture="slot_6" x="0" y="0" />
						<Disabled texture="slot_6" x="0" y="0" />
					</TexCoords>
				</Button>
				<Button name="$parentItemSlotButton7" inherits="ItemSlotButtonDef" id="7" >
					<Anchors>
						<Anchor point="topright" relativePoint="topright">
							<AbsPoint x="-29" y="122" />
						</Anchor>
					</Anchors>
					<TexCoords>
						<Normal texture="slot_7" x="0" y="0" />
						<Pressed texture="slot_7" x="0" y="0" />
						<Disabled texture="slot_7" x="0" y="0" />
					</TexCoords>
				</Button>
				<Button name="$parentItemSlotButton8" inherits="ItemSlotButtonDef" id="8" >
					<Anchors>
						<Anchor point="bottomleft" relativePoint="topleft" relativeTo="$parentItemSlotButton18">
							<AbsPoint x="0" y="2" />
						</Anchor>
					</Anchors>
					<TexCoords>
						<Normal texture="slot_8" x="0" y="0" />
						<Pressed texture="slot_8" x="0" y="0" />
						<Disabled texture="slot_8" x="0" y="0" />
					</TexCoords>
				</Button>
				<Button name="$parentItemSlotButton9" inherits="ItemSlotButtonDef" id="9" >
					<Anchors>
						<Anchor point="bottomleft" relativePoint="topleft" relativeTo="$parentItemSlotButton16" >
							<AbsPoint x="0" y="2" />
						</Anchor>
					</Anchors>
					<TexCoords>
						<Normal texture="slot_9" x="0" y="0" />
						<Pressed texture="slot_9" x="0" y="0" />
						<Disabled texture="slot_9" x="0" y="0" />
					</TexCoords>
				</Button>
				<Button name="$parentItemSlotButton10" inherits="ItemSlotButtonDef" id="10" >
					<Anchors>
						<Anchor point="bottomleft" relativePoint="topleft" relativeTo="$parentItemSlotButton9" >
							<AbsPoint x="0" y="2" />
						</Anchor>
					</Anchors>
					<TexCoords>
						<Normal texture="slot_10" x="0" y="0" />
						<Pressed texture="slot_10" x="0" y="0" />
						<Disabled texture="slot_10" x="0" y="0" />
					</TexCoords>
				</Button>
				<Button name="$parentItemSlotButton11" inherits="ItemSlotButtonDef" id="11" >
					<Anchors>
						<Anchor point="bottomleft" relativePoint="topleft" relativeTo="$parentItemSlotButton10" >
							<AbsPoint x="0" y="2" />
						</Anchor>
					</Anchors>
					<TexCoords>
						<Normal texture="slot_11" x="0" y="0" />
						<Pressed texture="slot_11" x="0" y="0" />
						<Disabled texture="slot_11" x="0" y="0" />
					</TexCoords>
				</Button>
				<Button name="$parentItemSlotButton12" inherits="ItemSlotButtonDef" id="12" >
					<Size>
						<AbsPoint x="32" y="32" />
					</Size>
					<Anchors>
						<Anchor point="top" relativePoint="center" >
							<AbsPoint x="0" y="55" />
						</Anchor>
					</Anchors>
					<TexCoords>
						<Normal texture="slot_12" x="0" y="0" />
						<Pressed texture="slot_12" x="0" y="0" />
						<Disabled texture="slot_12" x="0" y="0" />
					</TexCoords>
				</Button>
				<Button name="$parentItemSlotButton13" inherits="ItemSlotButtonDef" id="13" >
					<Anchors>
						<Anchor point="bottomleft" relativePoint="topleft" relativeTo="$parentItemSlotButton19">
							<AbsPoint x="0" y="2" />
						</Anchor>
					</Anchors>
					<TexCoords>
						<Normal texture="slot_13" x="0" y="0" />
						<Pressed texture="slot_13" x="0" y="0" />
						<Disabled texture="slot_13" x="0" y="0" />
					</TexCoords>
				</Button>
				<Button name="$parentItemSlotButton14" inherits="ItemSlotButtonDef" id="14" >
					<Anchors>
						<Anchor point="bottomleft" relativePoint="topleft" relativeTo="$parentItemSlotButton3" >
							<AbsPoint x="0" y="2" />
						</Anchor>
					</Anchors>
					<TexCoords>
						<Normal texture="slot_14" x="0" y="0" />
						<Pressed texture="slot_14" x="0" y="0" />
						<Disabled texture="slot_14" x="0" y="0" />
					</TexCoords>
				</Button>
				<Button name="$parentItemSlotButton15" inherits="ItemSlotButtonDef" id="15" >
					<Anchors>
						<Anchor point="bottomleft" relativePoint="topleft" relativeTo="$parentItemSlotButton5" >
							<AbsPoint x="0" y="2" />
						</Anchor>
					</Anchors>
					<TexCoords>
						<Normal texture="slot_15" x="0" y="0" />
						<Pressed texture="slot_15" x="0" y="0" />
						<Disabled texture="slot_15" x="0" y="0" />
					</TexCoords>
				</Button>
				<Button name="$parentItemSlotButton16" inherits="ItemSlotButtonDef" id="16" >
					<Anchors>
						<Anchor point="bottomleft" relativePoint="topleft" relativeTo="$parentItemSlotButton8" >
							<AbsPoint x="0" y="2" />
						</Anchor>

					</Anchors>
					<TexCoords>
						<Normal texture="slot_16" x="0" y="0" />
						<Pressed texture="slot_16" x="0" y="0" />
						<Disabled texture="slot_16" x="0" y="0" />
					</TexCoords>
				</Button>
				<Button name="$parentItemSlotButton17" inherits="ItemSlotButtonDef" id="17" >
					<Anchors>
						<Anchor point="bottomleft" relativePoint="topleft" relativeTo="$parentItemSlotButton2">
							<AbsPoint x="0" y="2" />
						</Anchor>
					</Anchors>
					<TexCoords>
						<Normal texture="slot_17" x="0" y="0" />
						<Pressed texture="slot_17" x="0" y="0" />
						<Disabled texture="slot_17" x="0" y="0" />
					</TexCoords>
				</Button>
				<Button name="$parentItemSlotButton18" inherits="ItemSlotButtonDef" id="18" >
					<Anchors>
						<Anchor point="bottomleft" relativePoint="topleft" relativeTo="$parentItemSlotButton7" >
							<AbsPoint x="0" y="2" />
						</Anchor>
					</Anchors>
					<TexCoords>
						<Normal texture="slot_18" x="0" y="0" />
						<Pressed texture="slot_18" x="0" y="0" />
						<Disabled texture="slot_18" x="0" y="0" />
					</TexCoords>
				</Button>
				<Button name="$parentItemSlotButton19" inherits="ItemSlotButtonDef" id="19" >
					<Anchors>
						<Anchor point="bottomleft" relativePoint="topleft" relativeTo="$parentItemSlotButton11" >
							<AbsPoint x="0" y="2" />
						</Anchor>
					</Anchors>
					<TexCoords>
						<Normal texture="slot_19" x="0" y="0" />
						<Pressed texture="slot_19" x="0" y="0" />
						<Disabled texture="slot_19" x="0" y="0" />
					</TexCoords>
				</Button>


				<Button name="$parentToggleInventory" sticky="false" backgroundtexture="hud_image" highlighttexture="hud_image" layer="overlay" popable="false" draganddrop="true" >
					<Size>
						<AbsPoint x="63" y="63" />
					</Size>
					<Anchors>
						<Anchor point="bottomright" relativePoint="bottomright" relativeTo="$parent">
							<AbsPoint x="-44" y="-95" />
						</Anchor>
					</Anchors>
					<TexCoords>
						 <Normal x="330" y="383" />
						 <NormalHighlit x="392" y="383" />
						 <Pressed x="392" y="383" />
						 <PressedHighlit x="392" y="383" />
					</TexCoords>
					<EventHandlers>
						<EventHandler event="OnLButtonUp" function="PaperdollWindow.ToggleInventoryWindow" />
						<EventHandler event="OnMouseOver" function="PaperdollWindow.OnMouseOverToggleInventory" />
						<EventHandler event="OnMouseOverEnd" function="ItemProperties.ClearMouseOverItem" />
					</EventHandlers>
				</Button>

				<Button name="$parentToggleLock" sticky="false" backgroundtexture="hud_image" highlighttexture="hud_image" layer="overlay" popable="false" draganddrop="true" >
					<Size>
						<AbsPoint x="58" y="58" />
					</Size>
					<Anchors>
						<Anchor point="bottomleft" relativePoint="bottomleft" relativeTo="$parent">
							<AbsPoint x="48" y="-95" />
						</Anchor>
					</Anchors>
					<TexCoords>
						<Normal x="181" y="90" />
						<NormalHighlit x="244" y="90" />
						<Pressed x="244" y="90" />
						<PressedHighlit x="244" y="90" />
					</TexCoords>
					<EventHandlers>
						<EventHandler event="OnLButtonUp" function="PaperdollWindow.Lock" />
						<EventHandler event="OnMouseOver" function="PaperdollWindow.LockTooltip" />
					</EventHandlers>
				</Button>

				<Button name="$parentToggleCharacterSheet" textureScale="0.80" sticky="false" backgroundtexture="hud_image" highlighttexture="hud_image" layer="overlay" popable="false">
					<Size>
						<AbsPoint x="50" y="50" />
					</Size>
					<Anchors>
						<Anchor point="top" relativePoint="center">
							<AbsPoint x="85" y="83" />
						</Anchor>
					</Anchors>
					<TexCoords>
						<Normal         x="115" y="688" />
						<NormalHighlit  x="115" y="628" />
						<Pressed        x="115" y="628" />
						<PressedHighlit x="115" y="628" />
						<Disabled       x="115" y="688" />
					</TexCoords>
					<EventHandlers>
						<EventHandler event="OnLButtonUp" function="PaperdollWindow.ToggleCharacterSheet" />
						<EventHandler event="OnMouseOver" function="PaperdollWindow.OnMouseOverToggleCharacterSheet" />
					</EventHandlers>
				</Button>

				<Button name="$parentToggleCharacterAbilities" textureScale="0.80" sticky="false" backgroundtexture="hud_image" highlighttexture="hud_image" layer="overlay" popable="false">
					<Size>
						<AbsPoint x="50" y="50" />
					</Size>
					<Anchors>
						<Anchor point="top" relativePoint="center" >
							<AbsPoint x="-85" y="85" />
						</Anchor>
					</Anchors>
					<TexCoords>
						<Normal         x="115" y="749" />
						<NormalHighlit  x="115" y="567" />
						<Pressed        x="115" y="567" />
						<PressedHighlit x="115" y="567" />
						<Disabled       x="115" y="749" />
					</TexCoords>
					<EventHandlers>
						<EventHandler event="OnLButtonUp" function="PaperdollWindow.ToggleCharacterAbilities" />
						<EventHandler event="OnMouseOver" function="PaperdollWindow.OnMouseOverToggleCharacterAbilities" />
					</EventHandlers>
				</Button>

				<DynamicImage name="$parentToggleProfile" texture="profileButton" texturescale="2.0"  layer="overlay" >
					<Size>
						<AbsPoint x="34" y="102" />
					</Size>
					<Anchors>
						<Anchor point="bottomleft" relativePoint="center">
							<AbsPoint x="130" y="-180" />
						</Anchor>
					</Anchors>
					<TexCoords x="0" y="0" />
					<EventHandlers>
						<EventHandler event="OnLButtonUp" function="PaperdollWindow.ToggleProfile" />
						<EventHandler event="OnMouseOver" function="PaperdollWindow.ToggleProfileTooltip" />
					</EventHandlers>
				</DynamicImage>

				<Button name="$parentHelpButton" sticky="false" backgroundtexture="UO_Common" highlighttexture="UO_Common" layer="secondary">
					<Size>
						<AbsPoint x="28" y="30" />
					</Size>
					<Anchors>
						<Anchor point="bottomright" relativePoint="bottomright">
							<AbsPoint x="-50" y="0" />
						</Anchor>
					</Anchors>
					<TexCoords>
						<Normal x="0" y="481" />
						<NormalHighlit x="84" y="481" />			
						<Pressed x="0" y="481" />
						<PressedHighlit x="0" y="481" />
						<Disabled x="112" y="481" />
					</TexCoords>
					<EventHandlers>
						<EventHandler event="OnLButtonUp" function="PropertiesInfo.Toggle" />
						<EventHandler event="OnMouseOver" function="PropertiesInfo.MoreInfoOnMouseOver" />
					</EventHandlers>
				</Button>
				<Window name="$parentTitle" movable="false" layer="secondary">
					<Size>
						<AbsPoint x="347" y="70"/>
					</Size>
					<Anchors>
						<Anchor point="bottom" relativePoint="bottom" >
							<AbsPoint x="0" y="-15"/>
						</Anchor>
					</Anchors>
					<Windows>
						<DynamicImage name="$parentBg"  handleinput="false">
							<Size>
								<AbsPoint x="327" y="70"/>
							</Size>
							<Anchors>
								<Anchor point="center" relativePoint="center" />
							</Anchors>
						</DynamicImage>
						<Label name="$parentName" font="UO_GoldButtonText" maxchars="128" textalign="center" wordwrap="true">
							<Size>
								<AbsPoint x="327" y="70"/>
							</Size>
							<Anchors>
								<Anchor point="center" relativePoint="center" >
									<AbsPoint x="0" y="-5"/>
								</Anchor>
							</Anchors>
							<Color r="50" g="41" b="5" a="255" />
						</Label>
					</Windows>
				</Window>
			</Windows>
		</Window>
	</Windows>
</Interface>