<Interface xmlns:xsi="http://www.w3.org/2001/XMLSchema-instance" xsi:noNamespaceSchemaLocation="../../Interface.xsd">
	<Windows>
		<CircleImage name="PartyHealthBarPortraitBgA" texture="faceFrame" numsegments="16" texturescale="0.7" layer="secondary" popable="false" handleinput="false">
			<Size>
				<AbsPoint x="60" y="60" />
			</Size>
			<Anchors>
				<Anchor point="left" relativePoint="left"  relativeTo="$parent">
					<AbsPoint x="2" y="0" />
				</Anchor>
			</Anchors>
			<TexCoords x="40" y="40" />
		</CircleImage>

		<CircleImage name="PartyHealthBarPortraitA" numsegments="16" texturescale="0.443" layer="default">
			<Size>
				<AbsPoint x="50" y="50" />
			</Size>
			<Anchors>
				<Anchor point="left" relativePoint="left"  relativeTo="$parent">
					<AbsPoint x="10" y="0" />
				</Anchor>
			</Anchors>
			<TexCoords x="32" y="32" />
		</CircleImage>
		<AnimatedImage name="PartyGlowingEffect" fps="10" texture="anim_highlight_glow2" movable="false" handleinput="false" layer="secondary" poppable="false" sticky="false"  textureScale="1.1">
			<Size>
				<AbsPoint x="128" y="128"/>
			</Size>
			<Anchors>
				<Anchor point="left" relativePoint="left" relativeTo="$parent">
					<AbsPoint x="-37" y="-7" />
				</Anchor>
			</Anchors>
			<AnimFrames>
				<AnimFrame id="1" x="0" y="0" />
				<AnimFrame id="2" x="128" y="0" />
				<AnimFrame id="3" x="256" y="0" />
				<AnimFrame id="4" x="384" y="0" />
				<AnimFrame id="5" x="0" y="128" />
				<AnimFrame id="6" x="128" y="128" />
				<AnimFrame id="7" x="256" y="128" />
				<AnimFrame id="8" x="384" y="128" />
				<AnimFrame id="9" x="0" y="256" />
				<AnimFrame id="10" x="128" y="256" />
				<AnimFrame id="11" x="256" y="256" />
				<AnimFrame id="12" x="384" y="256" />
				<AnimFrame id="13" x="0" y="384" />
				<AnimFrame id="14" x="128" y="384" />
				<AnimFrame id="15" x="256" y="384" />
				<AnimFrame id="16" x="384" y="384" />
			</AnimFrames>
		</AnimatedImage>
		<Window name="PartyHealthBar" movable="false" draganddrop="true">
			<Size>
				<AbsPoint x="250" y="65" />
			</Size>
			<Windows>
				<DynamicImage name="$parentCrown" texture="leader" layer="overlay" popable="false" texturescale="0.3">
					<Size>
						<AbsPoint x="20" y="20" />
					</Size>
					<Anchors>
						<Anchor point="topright" relativePoint="topright"  relativeTo="$parent">
							<AbsPoint x="-10" y="5" />
						</Anchor>
					</Anchors>
					<EventHandlers>
						<EventHandler event="OnMouseOver" function="PartyHealthBar.CrownMouseOver" />
					</EventHandlers>
				</DynamicImage>
				<FullResizeImage name="$parentBackground" inherits="UO_Simple_Black_Background" layer="background" alpha="0.5">
					<Anchors>
						<Anchor point="topleft" relativePoint="topleft" />
						<Anchor point="bottomright" relativePoint="bottomright" />
					</Anchors>
				</FullResizeImage>
				<FullResizeImage name="$parentFrame" inherits="UO_Simple_Frame" layer="background">
					<Anchors>
						<Anchor point="topleft" relativePoint="topleft" />
						<Anchor point="bottomright" relativePoint="bottomright" />
					</Anchors>
				</FullResizeImage>
				<Button name="$parentCloseButton" backgroundtexture="Dot_Button" highlighttexture="Dot_Button" texturescale="1" layer="popup">
					<Size>
						<AbsPoint x="10" y="10" />
					</Size>
					<Anchors>
						<Anchor point="topright" relativePoint="topright" />
					</Anchors>
					<EventHandlers>
						<EventHandler event="OnLButtonUp" function="PartyHealthBar.CloseWindow" />
					</EventHandlers>
					<TexCoords>
						<Normal x="0" y="0" />
						<NormalHighlit x="0" y="11" />
						<Pressed x="0" y="11"  />
						<PressedHighlit x="0" y="11" />
						<Disabled x="0" y="0" />
					</TexCoords>
				</Button>
				<Label name="$parentName" font="UO_DefaultText" maxchars="60" textalign="left" handleinput="false" wordwrap="false" linespacing="18" popable="false">
					<Size>
						<AbsPoint x="145" y="32" />
					</Size>
					<Anchors>
						<Anchor point="topleft" relativePoint="topleft" relativeTo="$parent">
							<AbsPoint x="100" y="7" />
						</Anchor>
					</Anchors>
					<Color r="255" g="255" b="255" a="255" />
				</Label>
				<StatusBar name="$parentHealthBar" inherits="GroupWindowStatusBarRed" handleinput="false">
					<Size>
						<AbsPoint x="140" y="3" />
					</Size>
					<Anchors>
						<Anchor point="topleft" relativePoint="topleft" relativeTo="$parent">
							<AbsPoint x="100" y="30" />
						</Anchor>
					</Anchors>
				</StatusBar>
				<StatusBar name="$parentManaBar" inherits="GroupWindowStatusBarBlue" handleinput="false">
					<Size>
						<AbsPoint x="140" y="3" />
					</Size>
					<Anchors>
						<Anchor point="bottomleft" relativePoint="topleft" relativeTo="$parentHealthBar">
							<AbsPoint x="0" y="7" />
						</Anchor>
					</Anchors>
				</StatusBar>
				<StatusBar name="$parentStaminaBar" inherits="GroupWindowStatusBarYellow" handleinput="false">
					<Size>
						<AbsPoint x="140" y="3" />
					</Size>
					<Anchors>
						<Anchor point="bottomleft" relativePoint="topleft" relativeTo="$parentManaBar">
							<AbsPoint x="0" y="7" />
						</Anchor>
					</Anchors>
				</StatusBar>
				<Button name="$parentRedButton" backgroundtexture="healB" highlighttexture="healB">
					<Size>
						<AbsPoint x="17" y="17" />
					</Size>
					<Anchors>
						<Anchor point="topleft" relativePoint="topleft" relativeTo="$parent" >
							<AbsPoint x="70" y="5" />
						</Anchor>
					</Anchors>
					<TexCoords>
						<Normal  x="0" y="0" />
						<NormalHighlit x="18" y="0" />
						<Pressed x="18" y="0" />
						<PressedHighlit x="18" y="0" />
					</TexCoords>
					<EventHandlers>
						<EventHandler event="OnRButtonUp" function="PartyHealthBar.Button_OnRButtonUp" />
						<EventHandler event="OnLButtonUp" function="PartyHealthBar.RedButton_OnLButtonUp" />
						<EventHandler event="OnMouseOver" function="PartyHealthBar.RedButton_OnMouseOver" />
						<EventHandler event="OnMouseOverEnd" function="PartyHealthBar.OnMouseOverEnd" />
            <EventHandler event="OnMouseWheel" function="WindowUtils.Scale" />
					</EventHandlers>
				</Button>
				<Button name="$parentGreenButton" backgroundtexture="cureB" highlighttexture="cureB">
					<Size>
						<AbsPoint x="17" y="17" />
					</Size>
					<Anchors>
						<Anchor point="bottomleft" relativePoint="topleft" relativeTo="$parentRedButton" >
							<AbsPoint x="0" y="2" />
						</Anchor>
					</Anchors>
					<TexCoords>
						<Normal  x="0" y="0" />
						<NormalHighlit x="18" y="0" />
						<Pressed x="18" y="0" />
						<PressedHighlit x="18" y="0" />
					</TexCoords>
					<EventHandlers>
						<EventHandler event="OnRButtonUp" function="PartyHealthBar.Button_OnRButtonUp" />
						<EventHandler event="OnLButtonUp" function="PartyHealthBar.GreenButton_OnLButtonUp" />
						<EventHandler event="OnMouseOver" function="PartyHealthBar.GreenButton_OnMouseOver" />
						<EventHandler event="OnMouseOverEnd" function="PartyHealthBar.OnMouseOverEnd" />

					</EventHandlers>
				</Button>
				<Button name="$parentBlueButton" backgroundtexture="invisB" highlighttexture="invisB"  texturescale="1">
					<Size>
						<AbsPoint x="17" y="17" />
					</Size>
					<Anchors>
						<Anchor point="bottomleft" relativePoint="topleft" relativeTo="$parentGreenButton" >
							<AbsPoint x="0" y="2" />
						</Anchor>
					</Anchors>
					<TexCoords>
						<Normal  x="0" y="0" />
						<NormalHighlit x="18" y="0" />
						<Pressed x="18" y="0" />
						<PressedHighlit x="18" y="0" />
					</TexCoords>
					<EventHandlers>
						<EventHandler event="OnRButtonUp" function="PartyHealthBar.Button_OnRButtonUp" />
						<EventHandler event="OnLButtonUp" function="PartyHealthBar.BlueButton_OnLButtonUp" />
						<EventHandler event="OnMouseOver" function="PartyHealthBar.BlueButton_OnMouseOver" />
						<EventHandler event="OnMouseOverEnd" function="PartyHealthBar.OnMouseOverEnd" />

					</EventHandlers>
				</Button>
				<Label name="$parentNumber" font="UO_DefaultText_15pt" maxchars="2" textalign="center" handleinput="false" wordwrap="false" linespacing="18" popable="false">
					<Size>
						<AbsPoint x="30" y="20" />
					</Size>
					<Anchors>
						<Anchor point="topleft" relativePoint="topright" relativeTo="$parentName">
							<AbsPoint x="8" y="0" />
						</Anchor>
					</Anchors>
					<Color r="255" g="255" b="255" a="255" />
				</Label>
			</Windows>
			<EventHandlers>
				<EventHandler event="OnShutdown" function="PartyHealthBar.OnShutdown" />
				<EventHandler event="OnLButtonDown" function="PartyHealthBar.OnLButtonDown" />
				<EventHandler event="OnLButtonUp" function="PartyHealthBar.OnLButtonUp" />
				<EventHandler event="OnLButtonDblClk" function="PartyHealthBar.OnLButtonDblClk" />
				<EventHandler event="OnRButtonUp" function="PartyHealthBar.OnRButtonUp" />
				<EventHandler event="OnMouseDrag" function="PartyHealthBar.OnMouseDrag" />
				<EventHandler event="OnMouseOver" function="PartyHealthBar.OnMouseOver" />
				<EventHandler event="OnMouseOverEnd" function="PartyHealthBar.OnMouseOverEnd" />
				<EventHandler event="OnMouseWheel" function="WindowUtils.Scale" />
				<EventHandler event="OnMouseOverEnd" function="PartyHealthBar.OnMouseOverEnd" />
				<EventHandler event="OnUpdate" function="PartyHealthBar.HandleHealthBarStateUpdate"  />
			</EventHandlers>
		</Window>
	</Windows>
</Interface>