<Interface xmlns:xsi="http://www.w3.org/2001/XMLSchema-instance" xsi:noNamespaceSchemaLocation="../../Interface.xsd">
	<Windows>
		<Window name="QuickStatTemplate" handleinput="true" sticky="true">
			<Size>
				<AbsPoint x="380" y="30"/>
			</Size>			
			<Windows>
				<DynamicImage name="$parentSquareIcon" texturescale="0.78" handleinput="false">
					<Size>
						<AbsPoint x="27" y="27" />
					</Size>
					<Anchors>
						<Anchor point="left" relativePoint="left">
							<AbsPoint x="6" y="0" />
						</Anchor>
					</Anchors>

				</DynamicImage>
				<Label name="$parentAttributeName" inherits="UO_Default_Label_Color" font="UO_DefaultText" maxchars="128" textalign="left" autoresize="true" handleinput="false" layer="default">
					<Size>
						<AbsPoint x="190" y="20"/>
					</Size>
					<Anchors>
						<Anchor point="right" relativePoint="left"  relativeTo="$parentSquareIcon">
							<AbsPoint x="10" y="0"/>
						</Anchor>
					</Anchors>
				</Label>
				<Label name="$parentAttributeValue" font="UO_DefaultText" maxchars="64" textalign="right" autoresize="true" handleinput="false"  layer="default">
					<Size>
						<AbsPoint x="70" y="20"/>
					</Size>
					<Anchors>
						<Anchor point="right" relativePoint="left" relativeTo="$parentAttributeName">
							<AbsPoint x="10" y="0"/>
						</Anchor>
					</Anchors>
				</Label>
        <Window name="$parentClickAbleRegion" layer="overlay" handleinput="true">
          <Anchors>
            <Anchor point="topleft" relativePoint="topleft" relativeTo="$parent"/>
            <Anchor point="bottomright" relativePoint="bottomright" relativeTo="$parent"/>
          </Anchors>
          <EventHandlers>
            <EventHandler event="OnLButtonDown" function="QuickStats.StatLButtonDown" />
            <EventHandler event="OnLButtonUp" function="QuickStats.StatOnLButtonUp" />
            <EventHandler event="OnRButtonUp" function="QuickStats.Context" />
            <EventHandler event="OnMouseWheel" function="WindowUtils.Scale" />
          </EventHandlers>
        </Window>
				<DynamicImage name="$parentWindowBackground" texture="disabled" texturescale="3.125" layer="background">
					<Anchors>
						<Anchor point="topleft" relativePoint="topleft" relativeTo="$parent"/>
						<Anchor point="bottomright" relativePoint="bottomright" relativeTo="$parent"/>
					</Anchors>
					<TexCoords x="0" y="0" />
				</DynamicImage>
				<FullResizeImage name="$parentFrame" inherits="UO_Default_Inner_Window_Frame" layer="secondary">
					<Anchors>
						<Anchor point="topleft" relativePoint="topleft" relativeTo="$parent" />
						<Anchor point="bottomright" relativePoint="bottomright" relativeTo="$parent"/>
					</Anchors>
				</FullResizeImage>
			</Windows>
		</Window>
	</Windows>
</Interface>
