<?xml version="1.0" encoding="utf-8"?>
<!-- NOTE: This file is documented with NaturalDocs style comments. All comments beginning with '#' will
     be included in the output.
 -->


<!--# Title: EA_Window_ContextMenu 
    This file contains the definition of the Context Menu.
-->

<Interface xmlns:xsi="http://www.w3.org/2001/XMLSchema-instance" xsi:noNamespaceSchemaLocation="../../Interface.xsd">
    <Scripts>
        <Script file="Source/EA_ContextMenu.lua" />
    </Scripts>

    <Windows>
        <Window name="EA_Window_ContextMenu" movable="false" layer="popup" savesettings="false" >
            <Size>
                <AbsPoint x="250" y="100" />
            </Size>
            <EventHandlers>
                <EventHandler event="OnShutdown" function="EA_Window_ContextMenu.Shutdown" />
                <EventHandler event="OnLButtonDown" function="WindowUtils.TrapClick" />
            </EventHandlers>
            <Windows>
                <!-- Body background -->
                <FullResizeImage name="$parentWindowBackground" inherits="UO_Simple_Black_Background">
                    <Anchors>
                        <Anchor point="topleft" relativePoint="topleft"/>
                        <Anchor point="bottomright" relativePoint="bottomright"/>
                    </Anchors>
                </FullResizeImage>

                <!-- Inner Frame Boilerplate -->
                <FullResizeImage name="$parentFrame" inherits="UO_Default_Inner_Window_Frame" >
                    <Anchors>
                        <Anchor point="topleft" relativePoint="topleft" />
                        <Anchor point="bottomright" relativePoint="bottomright" />
                    </Anchors>
                </FullResizeImage>
                <!-- End of Inner Frame Boilerplate -->

                <!-- The menu items will be created dynamically -->

            </Windows>
        </Window>

        <Button name="EA_Button_DefaultMenuButton" font="UO_DefaultText" textalign="leftcenter">
            <Size>
                <AbsPoint x="1000" y="28" />
            </Size>            
            <TextColors>
                <Normal r="255" g="255" b="255" a="255"/>
                <NormalHighlit r="243" g="227" b="49" a="255"/>
                <Pressed r="255" g="0" b="0" a="255"/>
                <PressedHighlit r="255" g="0" b="0" a="255"/>
                <Disabled r="128" g="128" b="128" a="128"/>
            </TextColors>
        </Button>
        
        <Button name="EA_Button_ContextMenuItem" inherits="EA_Button_DefaultMenuButton">        
            <EventHandlers>
                <EventHandler event="OnLButtonUp" function="EA_Window_ContextMenu.OnLButtonDownMenuItem" />
            </EventHandlers>
        </Button>

        <Window name="EA_Window_SetOpacity" movable="true" layer="popup" >
            <Size>
                <AbsPoint x="200" y="90" />
            </Size>
            <EventHandlers>
                <EventHandler event="OnLButtonDown" function="WindowUtils.TrapClick" />
                <EventHandler event="OnShown" function="WindowUtils.OnShown" />
                <EventHandler event="OnHidden" function="WindowUtils.OnHidden" />
            </EventHandlers>
            <Windows>

                <!-- Default chrome. Alter this at your own peril. -->
                <Window name="$parentChrome" inherits="UO_DefaultWindow">
                    <Anchors>
                        <Anchor point="topleft" relativePoint="topleft"/>
                        <Anchor point="bottomright" relativePoint="bottomright"/>
                    </Anchors>
                </Window>
                <!-- End of default chrome boilerplate code -->

                <SliderBar name="$parentSlider" inherits="UO_Default_Horizontal_SliderBar" >
                    <Size>
                        <AbsPoint x="140" y="33" />
                    </Size>
                    <Anchors>
                        <Anchor point="left" relativePoint="left" >
                            <AbsPoint x="30" y="13" />
                        </Anchor>
                    </Anchors>
                    <EventHandlers>
                        <EventHandler event="OnSlide" function="EA_Window_ContextMenu.OnSlideWindowOptionsAlpha" />
                    </EventHandlers>
                </SliderBar>
            </Windows>
        </Window>


    </Windows>
</Interface>
