<?xml version="1.0" encoding="UTF-8"?>
<Interface xmlns:xsi="http://www.w3.org/2001/XMLSchema-instance" xsi:noNamespaceSchemaLocation="../Interface.xsd">

	<!-- Assets -->
	<Include file="Textures/Textures.xml" />
	<Include file="Fonts/Fonts.xml" />
	<Include file="Icons/Icons.xml" />

	<!-- Templates -->
	<Include file="Source/VerticalScrollBarTemplates.xml" />
	<Include file="Source/HorizontalScrollBarTemplates.xml" />
	<Include file="Source/WindowFrameTemplates.xml" />
	<Include file="Source/legacy-ui-templates.xml"/>
	<Include file="Source/StatusBarTemplates.xml" />
	<Include file="Source/UO_Housing_Templates.xml" />
	<Include file="Source/Cooldown.xml"/>

	<!-- Windows -->
	<Include file="Source/MapCommon.xml" />
	<Include file="Source/MobileHealthBar.xml" />
	<Include file="Source/MobilesOnScreenWindow.xml"/>
	<Include file="Source/Organizer.xml" />
	<Include file="Source/ResizeWindow.xml"/>
	<Include file="Source/Hotbar.xml" />
	<Include file="Source/MainMenuWindow.xml" />
	<Include file="Source/SettingsWindow.xml" />
	<Include file="Source/Spellbook.xml" />
	<Include file="Source/StatusWindow.xml" />
	<Include file="Source/TargetWindow.xml" />
	<Include file="Source/ContainerWindow.xml" />
	<Include file="Source/ContextMenu.xml" />
	<Include file="Source/CourseMapWindow.xml" />
	<Include file="Source/DamageWindow.xml" />
	<Include file="Source/SkillsWindow.xml" />
	<Include file="Source/PaperdollWindow.xml" />
	<Include file="Source/CharacterSheet.xml" />
	<Include file="Source/CharacterAbilities.xml" />
	<Include file="Source/ItemProperties.xml" />
	<Include file="Source/PetWindow.xml" />
	<Include file="Source/BuffDebuffWindow.xml" />
	<Include file="Source/BugReportWindow.xml" />
	<Include file="Source/GenericQuantity.xml" />
	<Include file="Source/Shopkeeper.xml" />
	<Include file="Source/NewPlayerGuide.xml" />
	<Include file="Source/TradeWindow.xml" />
	<Include file="Source/HuePickerWindow.xml" />
	<Include file="Source/PartyHealthBar.xml" />
	<Include file="Source/ObjectHandle.xml" />
	<Include file="Source/CustomizeHouseWindow.xml" />
	<Include file="Source/MacroWindow.xml" />
	<Include file="Source/ActionsWindow.xml" />
	<Include file="Source/ActionEditWindow.xml" />
	<Include file="Source/MacroEditWindow.xml" />
	<Include file="Source/MacroPickerWindow.xml" />
	<Include file="Source/MapWindow.xml" />
	<Include file="Source/SkillsInfo.xml" />
	<Include file="Source/BookTemplate.xml"/>
	<Include file="Source/RaceChange.xml"/>
	<Include file="Source/TrackingPointer.xml" />
	<Include file="Source/UserWaypointWindow.xml" />
	<Include file="Source/FaceSelectionWindow.xml" />
	<Include file="Source/StaticTextWindow.xml" />
	<Include file="Source/TipoftheDayWindow.xml" />
	<Include file="Source/DragWindow.xml" />
	<Include file="Source/OverheadText.xml" />
	<Include file="Source/SkillsTracker.xml" />
	<Include file="Source/QueryWindow.xml" />
	<Include file="Source/ChannelWindow.xml" />
	<Include file="Source/IgnoreWindow.xml" />
	<Include file="Source/PartyInviteWindow.xml" />
	<Include file="Source/ContainerSearch.xml" />
	<Include file="Source/AdvancedBuff.xml" />
	<Script file="Source/CreaturesDB.lua"/>
	<Script file="Source/SpellsInfo.lua"/>
	<Script file="Source/AbilitiesInfo.lua"/>
	<Script file="Source/Waypoints.lua"/>
	<Script file="Source/KnownAreas.lua"/>
	<Include file="Source/GenericGump.xml" />
	<Include file="Source/RenameWindow.xml"/>
	<Include file="Source/Compass.xml"/>
	<Include file="Source/MapFind.xml"/>
	<Include file="Source/ProfileWindow.xml"/>
	<Include file="Source/PropertiesInfo.xml"/>	
	<Include file="Source/CenterScreenText.xml"/>
	<Include file="Source/WarShield.xml"/>
	<Include file="Source/CrystalPortal.xml"/>
	<Include file="Source/VendorSearch.xml"/>
	<Include file="Source/QuickStats.xml"/>		
	<Include file="Source/FontSelector.xml"/>
	<Include file="Source/LegacyRunebook.xml"/>
	
	<!-- Remove this one once all the gumps are fixed -->
	<!--<Include file="Source/Generic/KnownBrokenGump.xml" />-->
	
	<!-- Generic Gumps -->
	<Include file="Source/Generic/SingleLineTextEntry.xml" />
	<Include file="Source/Generic/NewPlayerInstruction.xml" />
	<Include file="Source/Generic/TwoButtonDialog.xml" />

	<!-- Client created Gump Windows  -->
	<Include file="Source/HighlightEffect.xml"/>

	<!-- Script Files -->
	<Scripts>			
		<Script file="Interface.lua" />		
		<Script file="Source/Cooldown.lua"/>
		<Script file="Source/TextParsing.lua"/>
		<Script file="Source/StringUtils.lua" />
		<Script file="Source/GGManager.lua" />
		<Script file="Source/Generic/UO_GenericGump.lua" />
		<Script file="Source/StatusWindow.lua" />
		<Script file="Source/MobileHealthBar.lua" />
		<Script file="Source/MobilesOnScreenWindow.lua"/>
		<Script file="Source/TargetWindow.lua" />
		<Script file="Source/PetWindow.lua" />
		<Script file="Source/PartyHealthBar.lua" />
		<Script file="Source/ContainerWindow.lua"/>
		<Script file="Source/ActionEditWindow.lua" />
		<Script file="Source/ActionsWindow.lua" />
		<Script file="Source/MacroEditWindow.lua" />
		<Script file="Source/MacroPickerWindow.lua" />
		<Script file="Source/MacroWindow.lua" />
		<Script file="Source/BuffDebuffWindow.lua" />
		<Script file="Source/AdvancedBuff.lua" />
		<Script file="Source/DamageWindow.lua" />
		<Script file="Source/HotbarSystem.lua" />
		<Script file="Source/Hotbar.lua" />
		<Script file="Source/SverheadText.lua" />
		<Script file="Source/ObjectHandle.lua" />
		<Script file="Source/MiniTextuePack.lua" />
		<Script file="Source/HealthBarColor.lua" />
		<Script file="Source/NameColor.lua" />
		<Script file="Source/StaticTextWindow.lua"/>
		<Script file="Source/HealthBarManager.lua"/>
		<Script file="Source/OrganizerMain.lua"/>
		<Script file="Source/Organizer.lua"/>
		<Script file="Source/ContainerSearch.lua"/>
		<Script file="Source/TextParsing.lua"/>
		<Script file="Source/AdvancedBuff.lua"/>
		<Script file="Source/CreaturesDB.lua"/>
		<Script file="Source/SpellsInfo.lua"/>
		<Script file="Source/AbilitiesInfo.lua"/>
		<Script file="Source/Waypoints.lua"/>
		<Script file="Source/KnownAreas.lua"/>
		<Script file="Source/Compass.lua"/>
		<Script file="Source/MapFind.lua"/>
		<Script file="Source/ProfileWindow.lua"/>
		<Script file="Source/PropertiesInfo.lua"/>
		<Script file="Source/Actions.lua"/>
		<Script file="Source/PaperdollWindow.lua" />
		<Script file="Source/ItemsInfo.lua"/>
		<Script file="Source/ContainersInfo.lua"/>
		<Script file="Source/HuesInfo.lua"/>
		<Script file="Source/ItemPropertiesInfo.lua"/>
		<Script file="Source/MapCommon.lua" />
		<Script file="Source/MapWindow.lua" />
		<Script file="Source/SkillsWindow.lua" />
		<Script file="Source/GenericGump.lua" />
		<Script file="Source/BugReportWindow.lua" />
		<Script file="Source/ChannelWindow.lua" />
		<Script file="Source/CharacterAbilities.lua" />
		<Script file="Source/CharacterSheet.lua" />
		<Script file="Source/ContextMenu.lua" />
		<Script file="Source/UserWaypointWindow.lua" />
		<Script file="Source/Shopkeeper.lua" />
		<Script file="Source/RaceChange.lua" />
		<Script file="Source/CustomizeHouseWindow.lua" />
		<Script file="Source/CourseMapWindow.lua" />
		<Script file="Source/FaceSelectionWindow.lua" />
		<Script file="Source/ItemProperties.lua" />
		<Script file="Source/PartyInviteWindow.lua" />
		<Script file="Source/DragWindow.lua" />
		<Script file="Source/RenameWindow.lua"/>
		<Script file="Source/TradeWindow.lua" />
		<Script file="Source/TrackingPointer.lua" />
		<Script file="Source/GenericQuantity.lua" />
		<Script file="Source/SkillsTracker.lua" />
		<Script file="Source/SkillsInfo.lua" />
		<Script file="Source/ResizeWindow.lua" />
		<Script file="Source/MainMenuWindow.lua" />		
		<Script file="Source/TipoftheDayWindow.lua" />
		<Script file="Source/QueryWindow.lua" />
		<Script file="Source/HighlightEffect.lua"/>
		<Script file="Source/NewPlayerGuide.lua" />
		<Script file="Source/ObjectHandle.lua" />
		<Script file="Source/Spellbook.lua" />
		<Script file="Source/BookTemplate.lua" />
		<Script file="Source/HuePickerWindow.lua" />
		<Script file="Source/OverheadText.lua" />		
		<Script file="Source/IgnoreWindow.lua" />
		<Script file="Source/CenterScreenText.lua" />
		<Script file="Source/WarShield.lua"/>
		<Script file="Source/GumpsParsing.lua"/>
		<Script file="Source/CrystalPortal.lua"/>
		<Script file="Source/VendorSearch.lua"/>
		<Script file="Source/QuickStats.lua"/>
		<Script file="Source/LegacyRunebook.lua"/>
		<Script file="Source/LegacyRunebookLoader.lua"/>
		<!--<Load Settings Last/>-->
		<Script file="Source/SettingsWindow.lua" />		
	</Scripts>

</Interface>
