<?xml version="1.0" encoding="UTF-8"?>
<Interface xmlns:xsi="http://www.w3.org/2001/XMLSchema-instance" xsi:noNamespaceSchemaLocation="../../../Interface.xsd">
	<Scripts>
		<Script file="Source/Generic/SingleLineTextEntry.lua"/>
	</Scripts>
	<Windows>		
	
	
	
		<EditBox name="SLTextEntrySingleLineEditBox" font="UO_DefaultText" background="UO_Simple_Black_Background"  maxchars="200" history="true" >	
			<Size>
				<AbsPoint x="570" y="40" />
			</Size>
			
			
			<TextOffset x="5" y="5" />
			
			
			<Windows>	
				<!-- Inner Frame Boilerplate -->
				<FullResizeImage name="$parentFrame" inherits="UO_Default_Inner_Window_Frame" layer="popup">
					<Anchors>
						<Anchor point="topleft" relativePoint="topleft" />
						<Anchor point="bottomright" relativePoint="bottomright" />
					</Anchors>
				</FullResizeImage>
				<!-- End of Inner Frame Boilerplate -->
			</Windows>
		</EditBox>
	
		<Window name="SingleLineTextEntry" movable="true" >
			<Size>
				<AbsPoint x="630" y="300" />
			</Size>
			<Anchors>
				<Anchor point="top" relativePoint="top">
				    <AbsPoint x="0" y="250" />
				</Anchor>
			</Anchors>
			<EventHandlers>
				<EventHandler event="OnInitialize" function="SingleLineTextEntry.Initialize"/>
				<EventHandler event="OnShutdown" function="SingleLineTextEntry.Shutdown"/>
				<EventHandler event="OnKeyEnter" function="SingleLineTextEntry.OnSubmit"/>
				<EventHandler event="OnKeyEscape" function="SingleLineTextEntry.OnCancel" />
 
      </EventHandlers>
			<Windows>
				<!-- Default chrome. Alter this at your own peril. -->
				<Window name="$parentChrome" inherits="UO_DefaultWindow">
					<Anchors>
						<Anchor point="topleft" relativePoint="topleft"/>
						<Anchor point="bottomright" relativePoint="bottomright"/>
					</Anchors>
				</Window>
				<!-- End of default chrome boilerplate code -->

				<Label name="$parentSubtitle1" inherits="UO_Default_Label_Color" font="UO_Subtitle" textalign="center" autoresize="true" maxchars="1000" linespacing="20" wordwrap="true" >
					<Size>
						<AbsPoint x="580" y="0"/>
					</Size>
					<Anchors>
						<Anchor point="topleft" relativePoint="topleft">
							<AbsPoint x="25" y="60"/>
						</Anchor>
					</Anchors>
				</Label>
				
				<Label name="$parentSubtitle2" inherits="UO_Default_Label_Color" font="UO_DefaultText" textalign="left" autoresize="true" maxchars="1000" linespacing="20" wordwrap="true" >
					<Size>
						<AbsPoint x="580" y="0"/>
					</Size>
					<Anchors>
						<Anchor point="topleft" relativePoint="topleft" >
							<AbsPoint x="25" y="190"/>
						</Anchor>
					</Anchors>
				</Label>
            
				<EditBox name="$parentTextEntryBox" inherits="SLTextEntrySingleLineEditBox">
					<Anchors>
						<Anchor point="topleft" relativePoint="topleft" >
							<AbsPoint x="25" y="150" />
						</Anchor>
					</Anchors>
				</EditBox>
            
				<Button name="$parentSubmitButton" inherits="UO_Default_GumpButton" taborder="2" >
					<Anchors>
						<Anchor point="bottomleft" relativePoint="bottomleft" >
							<AbsPoint x="80" y="-15" />
						</Anchor>
					</Anchors>
					<EventHandlers>
						<EventHandler event="OnLButtonUp" function="SingleLineTextEntry.OnSubmit"/>
					</EventHandlers>
				</Button>
				<Button name="$parentClearButton" inherits="UO_Default_GumpButton" taborder="3" >
					<Anchors>
						<Anchor point="bottom" relativePoint="bottom" >
							<AbsPoint x="0" y="-15" />
						</Anchor>
					</Anchors>
					<EventHandlers>
						<EventHandler event="OnLButtonUp" function="SingleLineTextEntry.OnClear" />
					</EventHandlers>
				</Button>
				<Button name="$parentCancelButton" inherits="UO_Default_GumpButton" taborder="4" >
					<Anchors>
						<Anchor point="bottomright" relativePoint="bottomright" >
							<AbsPoint x="-80" y="-15" />
						</Anchor>
					</Anchors>
					<EventHandlers>
						<EventHandler event="OnLButtonUp" function="SingleLineTextEntry.OnCancel" />
					</EventHandlers>
				</Button>
			</Windows>
		</Window>
		
		
	</Windows>
</Interface>
