<?xml version="1.0" encoding="UTF-8"?>
<Interface xmlns:xsi="http://www.w3.org/2001/XMLSchema-instance" xsi:noNamespaceSchemaLocation="../Interface.xsd">

	<!-- Assets -->
	<Include file="Textures/Textures.xml" />
	<Include file="Fonts/Fonts.xml" />
	<Include file="Icons/Icons.xml" />

	<!-- Templates -->
	<Include file="Source/VerticalScrollBarTemplates.xml" />
	<Include file="Source/HorizontalScrollBarTemplates.xml" />
	<Include file="Source/WindowFrameTemplates.xml" />
	<Include file="Source/StatusBarTemplates.xml" />
	<Include file="Source/UO_Housing_Templates.xml" />
    <Include file="Source/MapCommon.xml" />

	<!-- Windows -->
	<Include file="Source/ResizeWindow.xml"/>
	<Include file="Source/Hotbar.xml" />
	<Include file="Source/MenuBarWindow.xml" />
	<Include file="Source/MainMenuWindow.xml" />
	<Include file="Source/SettingsWindow.xml" />
	<Include file="Source/Spellbook.xml" />
	<Include file="Source/StatusWindow.xml" />
	<Include file="Source/TargetWindow.xml" />
	<Include file="Source/ContainerWindow.xml" />
	<Include file="Source/ContextMenu.xml" />
	<Include file="Source/RadarWindow.xml" />
	<Include file="Source/CourseMapWindow.xml" />
	<Include file="Source/DamageWindow.xml" />
	<Include file="Source/SkillsWindow.xml" />
	<Include file="Source/PaperdollWindow.xml" />
	<Include file="Source/CharacterSheet.xml" />
	<Include file="Source/CharacterAbilities.xml" />
	<Include file="Source/ItemProperties.xml" />
	<Include file="Source/PetWindow.xml" />
	<Include file="Source/BuffDebuffWindow.xml" />
	<Include file="Source/BugReportWindow.xml" />
	<Include file="Source/GenericQuantityWindow.xml" />
	<Include file="Source/Shopkeeper.xml" />
	<Include file="Source/NewPlayerGuide.xml" />
	<Include file="Source/TradeWindow.xml" />
	<Include file="Source/HuePickerWindow.xml" />
	<Include file="Source/MobileHealthBar.xml" />
	<Include file="Source/PartyHealthBar.xml" />
	<Include file="Source/ObjectHandle.xml" />
	<Include file="Source/CustomizeHouseWindow.xml" />
	<Include file="Source/MacroWindow.xml" />
	<Include file="Source/ActionsWindow.xml" />
	<Include file="Source/ActionEditWindow.xml" />
	<Include file="Source/MacroEditWindow.xml" />
	<Include file="Source/MacroPickerWindow.xml" />
	<Include file="Source/MapWindow.xml" />
	<Include file="Source/SkillsInfo.xml" />
	<Include file="Source/BookTemplate.xml"/>
	<Include file="Source/RaceChange.xml"/>
	<Include file="Source/TrackingPointer.xml" />
	<Include file="Source/UserWaypointWindow.xml" />
	<Include file="Source/FaceSelectionWindow.xml" />
	<Include file="Source/StaticTextWindow.xml" />
	<Include file="Source/TipoftheDayWindow.xml" />
	<Include file="Source/DragWindow.xml" />
	<Include file="Source/OverheadText.xml" />
	<Include file="Source/SkillsTracker.xml" />
	<Include file="Source/QueryWindow.xml" />
	<Include file="Source/ChannelWindow.xml" />
	<Include file="Source/IgnoreWindow.xml" />
	<Include file="Source/PartyInviteWindow.xml" />

	<Include file="Source/GenericGump.xml" />

	<!-- Remove this one once all the gumps are fixed -->
	<!--<Include file="Source/Generic/KnownBrokenGump.xml" />-->

	<!-- Generic Gumps -->
	<Include file="Source/Generic/SingleLineTextEntry.xml" />
	<Include file="Source/Generic/NewPlayerInstruction.xml" />
	<Include file="Source/Generic/TwoButtonDialog.xml" />
	<Include file="Source/Generic/Runebook.xml" />
	<!--<Include file="Source/Generic/OneButtonDialog.xml" />
	<Include file="Source/Generic/BulkOrderPurchase.xml" />
	<Include file="Source/Generic/NoGumpFound.xml" />
	<Include file="Source/Generic/GG_Test_Center_Info_0.xml" />
	<Include file="Source/Generic/Monorail.xml" />
	<Include file="Source/Generic/YoungDeath.xml" />
	<Include file="Source/Generic/CommunityCollections.xml" />
	<Include file="Source/Generic/ConfirmPic.xml" />
	<Include file="Source/Generic/FortuneTeller.xml" />
	<Include file="Source/Generic/Fortune.xml" />
	<Include file="Source/Generic/NewbieScam.xml"/>
	<Include file="Source/Generic/SiegeBless.xml"/>
	<Include file="Source/Generic/SiegeUnbless.xml"/>
	<Include file="Source/Generic/QuestHistory.xml"/>
	<Include file="Source/Generic/LoreQuestLog.xml"/>
	<Include file="Source/Generic/RentalContract.xml" />
	<Include file="Source/Generic/HolidayGump.xml"/>
	<Include file="Source/Generic/AnimalContainerConfirm.xml" />
	<Include file="Source/Generic/CancelInsuranceConfirm.xml" />
	<Include file="Source/Generic/CancelVendor.xml"/>
	<Include file="Source/Generic/ConfirmTrash.xml" />
	<Include file="Source/Generic/GateCheck.xml" />
	<Include file="Source/Generic/MarkMe.xml" />
	<Include file="Source/Generic/MessageDetails.xml" />
	<Include file="Source/Generic/ValidateTeleport.xml" />
	<Include file="Source/Generic/MurderReport.xml" />
	<Include file="Source/Generic/PetResurrection.xml" />
	<Include file="Source/Generic/PetTransfer.xml" />
	<Include file="Source/Generic/PetRelease.xml" />
	<Include file="Source/Generic/Resurrection.xml" />
	<Include file="Source/Generic/ReleaseFamiliar.xml" />
	<Include file="Source/Generic/PromoNamechangeConfirm.xml" />
	<Include file="Source/Generic/VRConfirm.xml" />
	<Include file="Source/Generic/SingleImageAndText.xml" />
	<Include file="Source/Generic/SiegeWarning.xml"/>
	<Include file="Source/Generic/SelfRechargeCannon.xml"/>
	<Include file="Source/Generic/UniqueHairDye.xml"/>
	<Include file="Source/Generic/HeadRedeed.xml"/>
	<Include file="Source/Generic/TargetPetition.xml"/>
	<Include file="Source/Generic/LoreQuitOffer.xml"/>
	<Include file="Source/Generic/WarningSacrifice.xml"/>
	<Include file="Source/Generic/PuzzleBox.xml"/>
	<Include file="Source/Generic/PuzzleGuess.xml"/>
	<Include file="Source/Generic/HairstylistEight.xml"/>
	<Include file="Source/Generic/BannerDeed.xml"/>
    <Include file="Source/Generic/BannerDeedAddon.xml"/>
	<Include file="Source/Generic/BannerChoice.xml"/>
	<Include file="Source/Generic/AquariumContents.xml"/>
    <Include file="Source/Generic/EditBallotbox.xml" />
    <Include file="Source/Generic/VacloakGameone.xml" />
    <Include file="Source/Generic/SrRating.xml" />
    <Include file="Source/Generic/GiftAosLaunch.xml" />
    <Include file="Source/Generic/VolunteerMemorial.xml" />
    <Include file="Source/Generic/MadmageAndrewsCard.xml" />
    <Include file="Source/Generic/ChoiceList.xml" />
	<Include file="Source/Generic/Soulstone.xml" />
	<Include file="Source/Generic/FlipFlop.xml" />
	<Include file="Source/Generic/Herald.xml" />
	<Include file="Source/Generic/SelectTargetingMode.xml" />
	<Include file="Source/Generic/StabledPets.xml" />
	<Include file="Source/Generic/NeFamiliar.xml" />
	<Include file="Source/Generic/ChooseForm.xml" />
	<Include file="Source/Generic/Moongate.xml" />
	<Include file="Source/Generic/ShrineTithe.xml" />
	<Include file="Source/Generic/AdvancedCharError.xml" />
	<Include file="Source/Generic/TransferDisplayItems.xml" />
	<Include file="Source/Generic/TransferWarning.xml" />
	<Include file="Source/Generic/TransferInfo.xml" />
	<Include file="Source/Generic/TransferShardList.xml" />
	<Include file="Source/Generic/VendorBarbieMain.xml" />
	<Include file="Source/Generic/DePlayerBulkOffer.xml" />
	<Include file="Source/Generic/DeItemBulkdeed.xml" />
	<Include file="Source/Generic/VRSelect.xml" />
	<Include file="Source/Generic/SpecialDyes.xml" />
	<Include file="Source/Generic/LeatherDyes.xml" />
	<Include file="Source/Generic/Dyes.xml" />
	<Include file="Source/Generic/HelpMenu.xml" />
	<Include file="Source/Generic/StuckPlayer.xml" />
	<Include file="Source/Generic/TextEntry.xml" />
	<Include file="Source/Generic/TypePetitiionTarget.xml" />
	<Include file="Source/Generic/BarkeepMenu.xml" />

	<Include file="Source/Generic/GuildRelationship.xml" />
	<Include file="Source/Generic/GuildAdvSearch.xml" />
	<Include file="Source/Generic/VaCloakQuest.xml" />
	<Include file="Source/Generic/NavalTreasureMessage.xml" />
	<Include file="Source/Generic/ReallyImprisonTarget.xml" />
	<Include file="Source/Generic/TestGump.xml" />
	<Include file="Source/Generic/TrophyChoice.xml" />
	<Include file="Source/Generic/ThiefDisguiseKit.xml" />
	<Include file="Source/Generic/HouseBulletinboard.xml" />
	<Include file="Source/Generic/StatueMaker.xml" />
    <Include file="Source/Generic/StatuePlinthPlaque.xml" />
    <Include file="Source/Generic/HousesignVendorList.xml" />
	<Include file="Source/Generic/HairStyleCoupon.xml" />
    <Include file="Source/Generic/HolidayTreePlacement.xml" />
    <Include file="Source/Generic/LoreConversation.xml" />
    <Include file="Source/Generic/ThreeButtonDialog.xml" />
	<Include file="Source/Generic/VirtueMenu.xml" />
	<Include file="Source/Generic/VirtueInfo.xml" />
	<Include file="Source/Generic/FourButtonDialog.xml" />
	<Include file="Source/Generic/QuestOffer.xml" />
	<Include file="Source/Generic/QuestLog.xml" />
	<Include file="Source/Generic/SelectPetition.xml" />
	<Include file="Source/Generic/NewbieTickets.xml" />
	<Include file="Source/Generic/GuildCreate.xml" />
	<Include file="Source/Generic/GuildWindow.xml" />
	<Include file="Source/Generic/GuildWar.xml" />
	<Include file="Source/Generic/ChoiceButtons.xml" />
	<Include file="Source/Generic/ChoiceButtonsStringData.xml" />
	<Include file="Source/Generic/VendorReclaim.xml" />
	<Include file="Source/Generic/ExpiredVendorReclaim.xml" />
	<Include file="Source/Generic/TchestRemoveWarning.xml" />
	<Include file="Source/Generic/AnimalLore.xml" />
	<Include file="Source/Generic/AgreedToPurchaseConfirm.xml" />
	<Include file="Source/Generic/ChooseHair.xml" />
	<Include file="Source/Generic/FortuneOffer.xml" />
	<Include file="Source/Generic/PromoCode.xml" />
	<Include file="Source/Generic/PowerScroll.xml" />
	<Include file="Source/Generic/TrackingTwo.xml" />
	<Include file="Source/Generic/Promo7thChoice.xml" />
	<Include file="Source/Generic/Promo7thConfirm.xml" />
	<Include file="Source/Generic/BulkOrderBook.xml" />
	<Include file="Source/Generic/BulkOrderFilter.xml" />
	<Include file="Source/Generic/Promo7thTapestry.xml" />
	<Include file="Source/Generic/BarkeepTitle.xml" />
	<Include file="Source/Generic/ChoiceText.xml" />
	<Include file="Source/Generic/Recruit.xml" />
	<Include file="Source/Generic/VendorBarbie.xml" />
	<Include file="Source/Generic/VendorBarbieSilver.xml" />
	<Include file="Source/Generic/NameEntry.xml" />
	<Include file="Source/Generic/LuckyDealer.xml" />
	<Include file="Source/Generic/PromoNameChange.xml" />
	<Include file="Source/CraftingWindow.xml" />
	<Include file="Source/CraftingWindow2.xml" />
	<Include file="Source/Generic/HousePlacementWindow.xml" />
	<Include file="Source/Generic/HousePlacementWarning.xml" />
	<Include file="Source/Generic/HouseSignWindow.xml" />
	<Include file="Source/Generic/HouseSecuritySetting.xml" />
	<Include file="Source/Generic/HouseSignPlaque.xml" />
	<Include file="Source/Generic/HouseCommit.xml" />
	<Include file="Source/Generic/SingleLineTextEntry.xml" />
	<Include file="Source/Generic/Promo10thMap.xml" />
	<Include file="Source/Generic/CupidMenu.xml" />

    <Include file="Source/Generic/MasterGUMP.xml" />
    <Include file="Source/Generic/MasterOneButton.xml" />
    <Include file="Source/Generic/MasterTwoButton.xml" />
    <Include file="Source/Generic/FactionHorseVendor.xml" />
    <Include file="Source/Generic/FactionItem.xml" />
    <Include file="Source/Generic/FactionMasterstone.xml" />
    <Include file="Source/Generic/FactionFactionstone.xml" />
    <Include file="Source/Generic/FactionSheriff.xml" />
    <Include file="Source/Generic/FactionFinance.xml" />
    <Include file="Source/Generic/FactionVote.xml" />
    <Include file="Source/Generic/FactionElection.xml" />
    <Include file="Source/Generic/Plant.xml" />
    <Include file="Source/Generic/PlantEmptyBowl.xml" />
    <Include file="Source/Generic/PlantReproduction.xml" />
    <Include file="Source/Generic/GoodEvil.xml" />-->   
    
	<!-- Client created Gump Windows  -->
	<Include file="Source/HighlightEffect.xml"/>

	<!-- Script Files -->
	<Scripts>
		<Script file="Interface.lua" />
		<Script file="Source/StringUtils.lua" />
		<Script file="Source/GGManager.lua" />
		<Script file="Source/Generic/UO_GenericGump.lua" />
		<Script file="Source/DamageWindow.lua" />
		<Script file="Source/HotbarSystem.lua" />
		<Script file="Source/OverheadText.lua" />
		<Script file="Source/ObjectHandle.lua" />
		<Script file="Source/HealthBarColor.lua" />
		<Script file="Source/NameColor.lua" />
		<Script file="Source/StaticTextWindow.lua"/>
		<Script file="Source/HealthBarManager.lua"/>
	</Scripts>

</Interface>
