<Interface xmlns:xsi="http://www.w3.org/2001/XMLSchema-instance" xsi:noNamespaceSchemaLocation="../../Interface.xsd">
	<Scripts>
		<Script file="Source/ColorPickerWindow.lua" />
	</Scripts>
	<Windows>
      <DynamicImage name="ColorPickerWindowColorTemplate" texture="CC_Widgets" acceptInput="true">
        <Size>
          <AbsPoint x="45" y="45" />
        </Size>
        <TexCoords x="502" y="306" />
      </DynamicImage>
      <DynamicImage name="ColorPickerWindowDisabledColorTemplate" texture="CC_Widgets">
        <Size>
          <AbsPoint x="88" y="90" />
        </Size>
        <TexCoords x="501" y="215" />
      </DynamicImage>
      <DynamicImage name="ColorPickerWindowActiveColorTemplate" texture="CC_Widgets" acceptInput="true">
        <Size>
          <AbsPoint x="88" y="90" />
        </Size>
        <TexCoords x="502" y="125" />
      </DynamicImage>

      <Window name="ColorPickerWindowColorItemTemplate" movable="false" handleinput="true">
        <Size>
          <AbsPoint x="47" y="47" />
         </Size>
        <EventHandlers>
            <EventHandler event="OnLButtonUp" function="ColorPickerWindow.SetColor" />
        </EventHandlers>

        <Windows>
          <!-- Inner Frame Boilerplate -->
          <FullResizeImage name="$parentFrame" inherits="UO_Default_Inner_Window_Frame" layer="secondary">
            <Anchors>
              <Anchor point="topleft" relativePoint="topleft" />
              <Anchor point="bottomright" relativePoint="bottomright" />
            </Anchors>
          </FullResizeImage>
          <!-- End of Inner Frame Boilerplate -->

            <DynamicImage name="$parentColor" inherits="ColorPickerWindowColorTemplate">
                <Anchors>
                    <Anchor point="topleft" relativePoint="topleft">
                        <AbsPoint x="2" y="2" />
                    </Anchor>
                    <Anchor point="bottomright" relativePoint="bottomright">
                        <AbsPoint x="-2" y="-2" />
                    </Anchor>                
                </Anchors>
            </DynamicImage>
        </Windows>
     
      </Window>

       <Window name="ColorPickerWindowTemplate" movable="false" popable="true">
          <EventHandlers>
            <EventHandler event="OnInitialize" function="ColorPickerWindow.Initialize" />
          </EventHandlers>
          <Windows>
        
            <Button name="$parentCloseButton" inherits="UO_Default_Generic_Close_Button">
              <Anchors> 
                <Anchor point="bottomright" relativePoint="bottomright">
                  <AbsPoint x="-20" y="-3" />
                </Anchor>
              </Anchors>
            </Button>
            
          </Windows>
       </Window>
    </Windows>
</Interface>
