<Interface xmlns:xsi="http://www.w3.org/2001/XMLSchema-instance" xsi:noNamespaceSchemaLocation="../../Interface.xsd">
    <Scripts>
        <Script file="Source/DragWindow.lua" />
    </Scripts>
	<Windows>	
		<Window name="DragWindowTemplate" layer="popup" handleinput="false">
			<Size>
				<AbsPoint x="0" y="0" />
			</Size>	
			<Windows>
				<DynamicImage name="$parentItem" texturescale="1.0" handleinput="false" layer="default">
					<Anchors>
						<Anchor point="topleft" relativePoint="topleft" relativeTo=""/>
                        <Anchor point="bottomright" relativePoint="bottomright" relativeTo=""/>
					</Anchors>
				</DynamicImage>
                <Button name="$parentAction" inherits="ActionButtonDef" />
			</Windows>
            <EventHandlers>
                <EventHandler event="OnInitialize" function="DragWindow.Initialize" />
                <EventHandler event="OnShutdown" function="DragWindow.Shutdown" />
                <EventHandler event="OnUpdate" function="DragWindow.Update" />
            </EventHandlers>
		</Window>
	</Windows>
</Interface>
