<Interface xmlns:xsi="http://www.w3.org/2001/XMLSchema-instance" xsi:noNamespaceSchemaLocation="../../Interface.xsd">
  <Scripts>
    <Script file="Source/MapWindow.lua" />
  </Scripts>
  <Windows>

    <Window name ="MapLegendItemTemplate">
      <Size>
        <AbsPoint x="250" y="60" />
      </Size>
      <EventHandlers>
        <EventHandler event="OnLButtonUp" function="MapWindow.LegendIconOnLButtonUp" />
      </EventHandlers>
      <Windows>
        <DynamicImage name="$parentIcon">
          <Anchors>
            <Anchor point="topleft" relativePoint="center" relativeTo="">
              <AbsPoint x="25" y="30" />
            </Anchor>
          </Anchors>
        </DynamicImage>
        <Label name="$parentText" font="UO_DefaultText" linespacing="20" maxchars="30" textalign="left" autoresize="true" handleinput="false" wordwrap="true" >
          <Size>
            <AbsPoint x="150" y="10" />
          </Size>
          <Anchors>
            <Anchor point="left" relativePoint="left" relativeTo="">
              <AbsPoint x="60" y="0" />
            </Anchor>
          </Anchors>
          <Color r="255" g="255" b="255" a="255" />
        </Label>
      </Windows>
    </Window>

    <!-- MAP WINDOW -->
    <Window name="MapWindow" movable="true"  >
      <Size>
        <AbsPoint x="716" y="776" />
      </Size>
      <Anchors>
        <Anchor point="center" relativePoint="center" relativeTo="">
          <AbsPoint x="0" y="0" />
        </Anchor>
      </Anchors>
      <EventHandlers>
        <EventHandler event="OnInitialize" function="MapWindow.Initialize" />
        <EventHandler event="OnShutdown" function="MapWindow.Shutdown" />
        <EventHandler event="OnShown" function="MapWindow.OnShown" />
        <EventHandler event="OnHidden" function="MapWindow.OnHidden" />
        <EventHandler event="OnUpdate" function="MapWindow.OnUpdate" />
      </EventHandlers>
      <Windows>

        <!-- Default chrome. Alter this at your own peril. -->
        <Window name="$parentChrome" inherits="UO_DefaultWindow">
          <Anchors>
            <Anchor point="topleft" relativePoint="topleft"/>
            <Anchor point="bottomright" relativePoint="bottomright"/>
          </Anchors>
        </Window>
        <!-- End of default chrome boilerplate code -->

        <Button name="$parentToggleRadarButton" inherits="UO_Default_Spring_Button" layer="overlay">
          <Anchors>
            <Anchor point="topright" relativePoint="topright" relativeTo="$parent">
              <AbsPoint x="-22" y="0" />
            </Anchor>
          </Anchors>
          <EventHandlers>
            <EventHandler event="OnLButtonUp" function="MapWindow.ToggleRadarOnLButtonUp" />
            <EventHandler event="OnMouseOver" function="MapWindow.ToggleRadarOnMouseOver" />
          </EventHandlers>
        </Button>

        <ComboBox name="$parentFacetCombo" inherits="UO_Default_ComboBox" layer="overlay">
          <Anchors>
            <Anchor point="top" relativePoint="top" relativeTo="">
              <AbsPoint x="0" y="38" />
            </Anchor>
          </Anchors>
          <EventHandlers>
            <EventHandler event="OnSelChanged" function="MapWindow.SelectFacet" />
          </EventHandlers>
        </ComboBox>

        <Button name="$parentFacetNextButton" inherits="UO_Default_SmallNextButton" layer="overlay" >
          <Anchors>
            <Anchor point="right" relativePoint="left" relativeTo="$parentFacetCombo">
              <AbsPoint x="10" y="0" />
            </Anchor>
          </Anchors>
          <EventHandlers>
            <EventHandler event="OnLButtonUp" function="MapWindow.ToggleFacetUpOnLButtonUp" />
          </EventHandlers>          
        </Button>

        <Button name="$parentFacetPrevButton" inherits="UO_Default_SmallPreviousButton" layer="overlay" >
          <Anchors>
            <Anchor point="left" relativePoint="right" relativeTo="$parentFacetCombo">
              <AbsPoint x="-10" y="0" />
            </Anchor>
          </Anchors>
          <EventHandlers>
            <EventHandler event="OnLButtonUp" function="MapWindow.ToggleFacetDownOnLButtonUp" />
          </EventHandlers>
        </Button>

        <ComboBox name="$parentAreaCombo" inherits="UO_Default_ComboBox" layer="overlay">
          <Anchors>
            <Anchor point="bottom" relativePoint="top" relativeTo="$parentFacetCombo">
              <AbsPoint x="0" y="3" />
            </Anchor>
          </Anchors>
          <EventHandlers>
            <EventHandler event="OnSelChanged" function="MapWindow.SelectArea" />
          </EventHandlers>
        </ComboBox>

        <Button name="$parentAreaNextButton" inherits="UO_Default_SmallNextButton" layer="overlay" >
          <Anchors>
            <Anchor point="right" relativePoint="left" relativeTo="$parentAreaCombo">
              <AbsPoint x="10" y="0" />
            </Anchor>
          </Anchors>
          <EventHandlers>
            <EventHandler event="OnLButtonUp" function="MapWindow.ToggleAreaUpOnLButtonUp" />
          </EventHandlers>          
        </Button>

        <Button name="$parentAreaPrevButton" inherits="UO_Default_SmallPreviousButton" layer="overlay" >
          <Anchors>
            <Anchor point="left" relativePoint="right" relativeTo="$parentAreaCombo">
              <AbsPoint x="-10" y="0" />
            </Anchor>
          </Anchors>
          <EventHandlers>
            <EventHandler event="OnLButtonUp" function="MapWindow.ToggleAreaDownOnLButtonUp" />
          </EventHandlers>
        </Button>

		  <MaskWindow name="Map" movable="false" popable="false" layer="default" handleinput="true">
			  <Size>
				  <!--AbsPoint x="690" y="665" /-->
				  <AbsPoint x="690" y="665" />
			  </Size>
			  <Anchors>
				  <Anchor point="bottom" relativePoint="top" relativeTo="$parentAreaCombo">
					  <AbsPoint x="0" y="3" />
				  </Anchor>
			  </Anchors>
			  <EventHandlers>
				  <EventHandler event="OnMouseWheel" function="MapWindow.MapOnMouseWheel" />
			  </EventHandlers>
			  <Windows>
				  <DynamicImage name="$parentImage" handleinput="true" layer="default" scaleAnchor="center">
					  <Size>
						  <AbsPoint x="1100" y="1100" />
					  </Size>
					  <Anchors>
						  <Anchor point="center" relativePoint="center"/>
					  </Anchors>
					  <EventHandlers>
						  <EventHandler event="OnLButtonDown" function="MapWindow.MapOnLButtonDown" />
						  <EventHandler event="OnLButtonUp" function="MapWindow.MapOnLButtonUp" />
						  <EventHandler event="OnRButtonUp" function="MapWindow.MapOnRButtonUp" />
              <EventHandler event="OnLButtonDblClk" function="MapWindow.MapOnLButtonDblClk" />
						  <EventHandler event="OnMouseDrag" function="MapWindow.MapMouseDrag" />
						  <EventHandler event="OnMouseOver" function="MapWindow.OnMouseOver" />
						  <EventHandler event="OnMouseOverEnd" function="MapWindow.OnMouseOverEnd" />
					  </EventHandlers>
				  </DynamicImage>
				  <FullResizeImage name="$parentFrame" inherits="UO_Default_Inner_Window_Frame" >
					  <Anchors>
						  <Anchor point="topleft" relativePoint="topleft" />
						  <Anchor point="bottomright" relativePoint="bottomright" />
					  </Anchors>
				  </FullResizeImage>
			  </Windows>
		  </MaskWindow>

		  <Label name="$parentCoordsText" font="UO_DefaultText" maxchars="64" textalign="left" handleinput="false">
			  <Size>
				  <AbsPoint x="200" y="32" />
			  </Size>
			  <Anchors>
				  <Anchor point="topleft" relativePoint="topleft" relativeTo="Map">
					  <AbsPoint x="5" y="5" />
				  </Anchor>	  
			  </Anchors>
		  </Label>

		  <Button name="$parentCenterOnPlayerButton" inherits="UO_Default_Check_Button">
			  <Anchors>
				  <Anchor point="bottomleft" relativePoint="bottomleft" relativeTo="Map">
					  <AbsPoint x="5" y="-5" />
				  </Anchor>
			  </Anchors>
			  <EventHandlers>
				  <EventHandler event="OnLButtonUp" function="MapWindow.CenterOnPlayerOnLButtonUp" />
			  </EventHandlers>
		  </Button>
		  <Label name="$parentCenterOnPlayerLabel" inherits="ItemTitle" autoresizewidth="true" handleinput="false">
			  <Size>
				  <AbsPoint x="200" y="32" />
			  </Size>
			  <Anchors>
				  <Anchor point="right" relativePoint="left" relativeTo="$parentCenterOnPlayerButton">
					  <AbsPoint x="5" y="0" />
				  </Anchor>
			  </Anchors>
			  <Color r="255" g="255" b="255" a="255" />
		  </Label>
		  
        <Button name="$parentZoomInButton" inherits="UO_Default_Plus_Button" texturescale="1.2" layer="overlay">
          <Size>
            <AbsPoint x="32" y="32" />
          </Size>
          <Anchors>
            <Anchor point="topright" relativePoint="topright" relativeTo="Map">
              <AbsPoint x="0" y="0" />
            </Anchor>
          </Anchors>
          <EventHandlers>
            <EventHandler event="OnLButtonUp" function="MapWindow.ZoomInOnLButtonUp" />
            <EventHandler event="OnMouseOver" function="MapWindow.ZoomInOnMouseOver" />
          </EventHandlers>
        </Button>

        <Button name="$parentZoomOutButton" inherits="UO_Default_Minus_Button" texturescale="1.2" layer="overlay">
          <Size>
            <AbsPoint x="32" y="32" />
          </Size>
          <Anchors>
            <Anchor point="bottom" relativePoint="top" relativeTo="$parentZoomInButton">
              <AbsPoint x="0" y="0" />
            </Anchor>
          </Anchors>
          <EventHandlers>
            <EventHandler event="OnLButtonUp" function="MapWindow.ZoomOutOnLButtonUp" />
            <EventHandler event="OnMouseOver" function="MapWindow.ZoomOutOnMouseOver" />
          </EventHandlers>
        </Button>

        <Button name="$parentLegendToggle" inherits="UO_Default_Small_Right_Left_Arrow_Button" texturescale="1.2" layer="overlay">
          <Size>
            <AbsPoint x="32" y="32" />
          </Size>
          <Anchors>
            <Anchor point="bottom" relativePoint="top" relativeTo="$parentZoomOutButton">
              <AbsPoint x="0" y="0" />
            </Anchor>
          </Anchors>
          <EventHandlers>
            <EventHandler event="OnLButtonUp" function="MapWindow.OnLegendToggle" />
            <EventHandler event="OnMouseOver" function="MapWindow.OnLegendButtonMouseOver" />
          </EventHandlers>
        </Button>

		  <Button name="$parentResizeButton" inherits="CoreWindowResizeButtonBottomRight" layer="popup" >
			  <Anchors>
				  <Anchor point="bottomright" relativePoint="bottomright" relativeTo="" >
					  <AbsPoint x="0" y="0" />
				  </Anchor>
			  </Anchors>
			  <EventHandlers>
				  <EventHandler event="OnLButtonDown" function="MapWindow.OnResizeBegin" />
			  </EventHandlers>
		  </Button>
		  
      </Windows>
    </Window>

    <Window name="LegendWindow" movable="false">
      <Size>
        <AbsPoint x="250" y="740" />
      </Size>
      <Anchors>
        <Anchor point="right" relativePoint="left" relativeTo="MapWindow">
          <AbsPoint x="0" y="10" />
        </Anchor>
      </Anchors>
      <Windows>
        <!-- Body background -->
        <FullResizeImage name="$parent_UO_DefaultWindowBackground" inherits="UO_Default_Black_Background" handleinput="false">
          <Anchors>
            <Anchor point="topleft" relativePoint="topleft"/>
            <Anchor point="bottomright" relativePoint="bottomright"/>
          </Anchors>
        </FullResizeImage>

        <!-- Inner Frame Boilerplate -->
        <FullResizeImage name="$parentFrame" inherits="UO_Default_Inner_Window_Frame" >
          <Anchors>
            <Anchor point="topleft" relativePoint="topleft" />
            <Anchor point="bottomright" relativePoint="bottomright" />
          </Anchors>
        </FullResizeImage>
        <!-- End of Inner Frame Boilerplate -->
      </Windows>
    </Window>

  </Windows>
</Interface>
