<Interface xmlns:xsi="http://www.w3.org/2001/XMLSchema-instance" xsi:noNamespaceSchemaLocation="../../Interface.xsd">
<Scripts>
	<Script file="Source/ResizeWindow.lua" />
</Scripts>	      	
	<Windows>
		<Window name="ResizeWindow" movable="false" layer="background" popable="false">
			<Size>
				<AbsPoint x="0" y="0"/>
			</Size>
			<Anchors>
				<Anchor point="topleft" relativePoint="topleft"/>
			</Anchors>
			<EventHandlers>
				<EventHandler event="OnInitialize" function="ResizeWindow.Initialize" />
				<EventHandler event="OnShutdown" function="ResizeWindow.Shutdown" />
			</EventHandlers>			
			<Windows>
				<!-- Inner Frame Boilerplate -->
				<FullResizeImage name="$parentFrame" inherits="UO_Default_Inner_Window_Frame" handleinput="false" >
					<Anchors>
						<Anchor point="topleft" relativePoint="topleft" >
							<AbsPoint x="-3" y="-2"/>
						</Anchor>
						<Anchor point="bottomright" relativePoint="bottomright" >
							<AbsPoint x="0" y="0"/>
						</Anchor>
					</Anchors>
				</FullResizeImage>
				<!-- End of Inner Frame Boilerplate -->
				
				<Window name="TopHandle">
					<Size>
						<AbsPoint x="0" y="0"/>
					</Size>
					<Anchors>
						<Anchor point="topleft" relativePoint="topleft" />
					</Anchors>					

					<EventHandlers>
						<EventHandler event="OnLButtonDown" function="ResizeWindow.StartMoving" />
						<EventHandler event="OnLButtonUp" function="ResizeWindow.StopMoving" />
					</EventHandlers>
					<Windows>

					</Windows>
				</Window>
				<Window name="BottomHandle">
					<Size>
						<AbsPoint x="0" y="0"/>
					</Size>
					<Anchors>
						<Anchor point="bottomleft" relativePoint="bottomleft" />
					</Anchors>
					<EventHandlers>
						<EventHandler event="OnLButtonDown" function="ResizeWindow.StartMoving" />
						<EventHandler event="OnLButtonUp" function="ResizeWindow.StopMoving" />
					</EventHandlers>	
					<Windows>
				
					</Windows>
								
				</Window>				
				<Window name="LeftHandle">
					<Size>
						<AbsPoint x="0" y="0"/>
					</Size>				
					<Anchors>
						<Anchor point="topleft" relativePoint="topleft" />
					</Anchors>				
					<EventHandlers>
						<EventHandler event="OnLButtonDown" function="ResizeWindow.StartMoving" />
						<EventHandler event="OnLButtonUp" function="ResizeWindow.StopMoving" />
					</EventHandlers>
					<Windows>

					</Windows>

				</Window>
				<Window name="RightHandle">
					<Size>
						<AbsPoint x="0" y="0"/>
					</Size>
					<Anchors>
						<Anchor point="topright" relativePoint="topright" />
					</Anchors>
					<EventHandlers>
						<EventHandler event="OnLButtonDown" function="ResizeWindow.StartMoving" />
						<EventHandler event="OnLButtonUp" function="ResizeWindow.StopMoving" />
					</EventHandlers>	
					<Windows>
				
					</Windows>
												
				</Window>
				
                <Button name="$parentResizeButton" inherits="CoreWindowResizeButtonBottomRight" layer="popup" >
                    <Anchors>
                        <Anchor point="bottomright" relativePoint="bottomright" relativeTo="" >
                            <AbsPoint x="0" y="0" />
                        </Anchor>
                    </Anchors>
                    <EventHandlers>
                        <EventHandler event="OnLButtonDown" function="ResizeWindow.OnResizeBegin" />
                    </EventHandlers>
                </Button>				
			</Windows>
	    </Window>
	</Windows>
</Interface>
