<Interface xmlns:xsi="http://www.w3.org/2001/XMLSchema-instance" xsi:noNamespaceSchemaLocation="../../Interface.xsd">
	<Scripts>
		<Script file="Source/SkillsWindow.lua" />
	</Scripts>
	<Windows>        
		<Button name="SkillIcon" texturescale="1.28" font="UO_DefaultText" textalign="topleft" drawchildrenfirst="true">
			<Size>
				<AbsPoint x="64" y="64" />
			</Size>
			<Windows>	
				<DynamicImage name="$parentGraphic" texturescale="1.0" handleinput="false">
					<Size>
						<AbsPoint x="64" y="64" />
					</Size>
					<Anchors>
						<Anchor point="topleft" relativePoint="topleft"/>
					</Anchors>			        
				</DynamicImage>
			</Windows>
			<EventHandlers>
				<EventHandler event="OnLButtonDown" function="SkillsWindow.SkillLButtonDown" />
				<EventHandler event="OnLButtonUp" function="SkillsWindow.SkillLButtonUp" />
				<EventHandler event="OnRButtonUp" function="SkillsWindow.SkillRButtonUp" />
				<EventHandler event="OnMouseOver" function="SkillsWindow.SkillMouseOver" />
				<EventHandler event="OnMouseOverEnd" function="ItemProperties.ClearMouseOverItem" />					
			</EventHandlers>				
		</Button>
    
    <Button name="SkillsWindowCycleButton" >
        <Size>
            <AbsPoint x="17" y="15" />
        </Size>
        <Anchors>
            <Anchor point="left" relativePoint="right" relativeTo="$parentAttributeValue">
                  <AbsPoint x="-5" y="0"/>
            </Anchor>
        </Anchors>
        <EventHandlers>
            <EventHandler event="OnLButtonUp" function="SkillsWindow.CycleLButtonUp" />
            <EventHandler event="OnMouseOver" function="SkillsWindow.CycleMouseOver" />
        </EventHandlers>
    </Button>

		<Button name="SkillValueToggleButton" inherits="UO_Default_Medium_Select_Button" font="UO_GoldButtonText" drawchildrenfirst="true" wordwrap="false">
			<EventHandlers>
				<EventHandler event="OnLButtonUp" function="SkillsWindow.SkillValueTypeToggleLButtonUp" />
			</EventHandlers>
		</Button>
		
    <Button name="SkillCapToggleButton" inherits="UO_Default_Medium_Select_Button" font="UO_GoldButtonText" drawchildrenfirst="true" wordwrap="false">
			<EventHandlers>
				<EventHandler event="OnLButtonUp" function="SkillsWindow.SkillCapToggleLButtonUp" />
			</EventHandlers>	
		</Button>

    <Button name="SkillsTrackerToggleButton" inherits="UO_Default_Medium_Select_Button" font="UO_GoldButtonText" drawchildrenfirst="true" wordwrap="false">
      <EventHandlers>
        <EventHandler event="OnLButtonUp" function="SkillsWindow.SkillsTrackerToggleLButtonUp" />
      </EventHandlers>
    </Button>
    
		<Button name="SkillsWindowHelpButton" sticky="false" backgroundtexture="UO_Common" highlighttexture="UO_Common">
			<Size>
				<AbsPoint x="28" y="30" />
			</Size>
			<Anchors>
				<Anchor point="topleft" relativePoint="topleft" >
					<AbsPoint x="0" y="0"/>
				</Anchor>
			</Anchors>
			<TexCoords>
				<Normal x="0" y="481" />
				<NormalHighlit x="84" y="481" />			
				<Pressed x="0" y="481" />
				<PressedHighlit x="0" y="481" />
				<Disabled x="112" y="481" />
			</TexCoords> 
			<EventHandlers>
				<EventHandler event="OnLButtonUp" function="SkillsWindow.ToggleHelpButton" />
				<EventHandler event="OnMouseOver" function="SkillsWindow.MoreInfoOnMouseOver" />
			</EventHandlers>
		</Button>
    
		<Window name="SkillsWindowInfoDisplay"> 
			<Size>
				<AbsPoint x="300" y="80" />
			</Size>
			<Windows>
        <Button name="$parentHelpButton" inherits="SkillsWindowHelpButton">
          <Anchors>
            <Anchor point="topleft" relativePoint="topleft">
              <AbsPoint x="0" y="20"/>
            </Anchor>
          </Anchors>
        </Button>
        
        <Button name="$parentIcon" inherits="SkillIcon">
        	<Anchors>
		        <Anchor point="center" relativePoint="center" relativeTo="$parentHelpButton">
			        <AbsPoint x="65" y="0"/>
		        </Anchor>
	        </Anchors>
        </Button>
        
				<Label name="$parentName" font="UO_DefaultText" maxchars="64" textalign="left" handleinput="false" wordwrap="true">
					<Size>
						<AbsPoint x="250" y="12" />
					</Size>
					<Anchors>
						<Anchor point="topleft" relativePoint="topleft" relativeTo="$parentIcon">
							<AbsPoint x="72" y="0" />
						</Anchor>
					</Anchors>
					<Color r="243" g="207" b="67" a="255" />
				</Label>
        
				<Label name="$parentTitle" font="UO_DefaultText" maxchars="64" textalign="left" handleinput="false" wordwrap="true">
					<Size>
						<AbsPoint x="150" y="12" />
					</Size>
					<Anchors>
						<Anchor point="topleft" relativePoint="topleft" relativeTo="$parentName">
							<AbsPoint x="0" y="20" />
						</Anchor>
					</Anchors>
					<Color r="243" g="207" b="67" a="255" />
				</Label>

        <Button name="$parentSkillStateButton" inherits="SkillsWindowCycleButton">
          <Anchors>
            <Anchor point="bottom" relativePoint="bottom" relativeTo="$parentIcon">
              <AbsPoint x="150" y="-5" />
            </Anchor>
          </Anchors>
        </Button>

        <Label name="$parentValue" font="UO_DefaultText" maxchars="64" textalign="left" handleinput="false">
          <Size>
            <AbsPoint x="150" y="16" />
          </Size>
          <Anchors>
            <Anchor point="right" relativePoint="left" relativeTo="$parentSkillStateButton">
              <AbsPoint x="10" y="0"/>
            </Anchor>
          </Anchors>
          <Color r="200" g="200" b="200" a="255" />
        </Label>
        
		    </Windows>
		</Window>		

		<Button name="SkillsWindowTabButton" inherits="UO_Default_PaperDollTabButton" >
			<Size>
				<AbsPoint x="90" y="23" />
			</Size>
			<TextOffset x="0" y="0"/><!-- This used to have a y="3" here... If you want to know why I took it out, look at the skills window in Japanese! -->
			<Windows>	
        <HorizontalResizeImage name="$parentTab" inherits="UO_Default_Medium_Tab_Disabled">
          <Size>
            <AbsPoint x="105" y="30" />
          </Size>
        </HorizontalResizeImage>
        <HorizontalResizeImage name="$parentTabSelected" inherits="UO_Default_Medium_Tab_Enabled" >
          <Size>
            <AbsPoint x="105" y="30" />
          </Size>
        </HorizontalResizeImage>
			</Windows>
			<EventHandlers>
				<EventHandler event="OnLButtonUp" function="SkillsWindow.ToggleTab" />
			</EventHandlers>
		</Button>

		<Window name="SkillsWindowTabWindowTemplate" moveable="false" >
			<Size>
				<AbsPoint x="10" y="10" />
			</Size>
			<Anchors> 
				<Anchor point="topleft" relativePoint="topleft" relativeTo="$parent">
					<AbsPoint x="16" y="67" />
				</Anchor>
				
				<Anchor point="bottomright" relativePoint="bottomright" relativeTo="$parent">
					<AbsPoint x="-20" y="-50" />
				</Anchor>
			</Anchors>

			<Windows>
			<!-- Inner Frame Boilerplate -->
				<FullResizeImage name="$parentFrame" inherits="UO_Default_Inner_Window_Frame" >
					<Anchors>
            <Anchor point="topleft" relativePoint="topleft">
              <AbsPoint x="0" y="5" />
            </Anchor>
						<Anchor point="bottomright" relativePoint="bottomright" />
					</Anchors>

				</FullResizeImage>
				<!-- End of Inner Frame Boilerplate -->

				<VerticalResizeImage name="$parentVRule" inherits="UO_Default_Vertical_Rule" layer="background" handleinput="false">
					<Size>
						<AbsPoint x="4" y="408" />
					</Size>
					<Anchors>
						<Anchor point="top" relativePoint="top">
							<AbsPoint x="0" y="30" />
						</Anchor>
					</Anchors>
				</VerticalResizeImage>				             

				<Window name="$parentEntry1" inherits="SkillsWindowInfoDisplay">
					<Anchors>
						<Anchor point="topleft" relativePoint="topleft">
							<AbsPoint x="20" y="20" />
						</Anchor>
					</Anchors>
				</Window>									

				<Window name="$parentEntry2" inherits="SkillsWindowInfoDisplay">
					<Anchors>
						<Anchor point="topleft" relativePoint="topleft" relativeTo="SkillsWindowTabWindow1Entry1">
							<AbsPoint x="0" y="80" />
						</Anchor>
					</Anchors>
				</Window>									

				<Window name="$parentEntry3" inherits="SkillsWindowInfoDisplay">
					<Anchors>
						<Anchor point="topleft" relativePoint="topleft" relativeTo="SkillsWindowTabWindow1Entry2">
							<AbsPoint x="0" y="80" />
						</Anchor>
					</Anchors>
				</Window>									

				<Window name="$parentEntry4" inherits="SkillsWindowInfoDisplay">
					<Anchors>
						<Anchor point="topleft" relativePoint="topleft" relativeTo="SkillsWindowTabWindow1Entry3">
							<AbsPoint x="0" y="80" />
						</Anchor>
					</Anchors>
				</Window>										

				<Window name="$parentEntry5" inherits="SkillsWindowInfoDisplay">
					<Anchors>
						<Anchor point="topleft" relativePoint="topleft" relativeTo="SkillsWindowTabWindow1Entry4">
							<AbsPoint x="0" y="80" />
						</Anchor>
					</Anchors>
				</Window>									

				<Window name="$parentEntry6" inherits="SkillsWindowInfoDisplay">
					<Anchors>
						<Anchor point="topleft" relativePoint="topleft" relativeTo="SkillsWindowTabWindow1Entry5">
							<AbsPoint x="0" y="80" />
						</Anchor>
					</Anchors>
				</Window>									

				<Window name="$parentEntry7" inherits="SkillsWindowInfoDisplay">
					<Anchors>
						<Anchor point="topleft" relativePoint="topleft" relativeTo="SkillsWindowTabWindow1Entry1">
							<AbsPoint x="385" y="0" />
						</Anchor>
					</Anchors>
				</Window>	

				<Window name="$parentEntry8" inherits="SkillsWindowInfoDisplay">
					<Anchors>
						<Anchor point="topleft" relativePoint="topleft" relativeTo="SkillsWindowTabWindow1Entry7">
							<AbsPoint x="0" y="80" />
						</Anchor>
					</Anchors>
				</Window>	

				<Window name="$parentEntry9" inherits="SkillsWindowInfoDisplay">
					<Anchors>
						<Anchor point="topleft" relativePoint="topleft" relativeTo="SkillsWindowTabWindow1Entry8">
							<AbsPoint x="0" y="80" />
						</Anchor>
					</Anchors>
				</Window>	

				<Window name="$parentEntry10" inherits="SkillsWindowInfoDisplay">
					<Anchors>
						<Anchor point="topleft" relativePoint="topleft" relativeTo="SkillsWindowTabWindow1Entry9">
							<AbsPoint x="0" y="80" />
						</Anchor>
					</Anchors>
				</Window>

        <Window name="$parentEntry11" inherits="SkillsWindowInfoDisplay">
          <Anchors>
            <Anchor point="topleft" relativePoint="topleft" relativeTo="SkillsWindowTabWindow1Entry10">
              <AbsPoint x="0" y="80" />
            </Anchor>
          </Anchors>
        </Window>

        <Window name="$parentEntry12" inherits="SkillsWindowInfoDisplay">
          <Anchors>
            <Anchor point="topleft" relativePoint="topleft" relativeTo="SkillsWindowTabWindow1Entry11">
              <AbsPoint x="0" y="80" />
            </Anchor>
          </Anchors>
        </Window>

      </Windows>
		</Window>

				
		<Window name="SkillsWindow" movable="true" >
			<Size>
				<AbsPoint x="800" y="625" />
			</Size>
			<Anchors>
				<Anchor point="center" relativePoint="center" />
			</Anchors>
			<EventHandlers>
				<EventHandler event="OnInitialize" function="SkillsWindow.Initialize" />
                <EventHandler event="OnShutdown" function="SkillsWindow.Shutdown" />
                <EventHandler event="OnShown" function="SkillsWindow.OnShown" />
                <EventHandler event="OnHidden" function="SkillsWindow.OnHidden" />
			</EventHandlers>
			<Windows>
				<!-- Default chrome. Alter this at your own peril. --> 
				<Window name="$parentChrome" inherits="UO_DefaultWindow"> 
					<Anchors> 
						<Anchor point="topleft" relativePoint="topleft"/> 
						<Anchor point="bottomright" relativePoint="bottomright"/> 
					</Anchors> 
				</Window>                        
				<!-- End of default chrome boilerplate code -->

				<Button name="$parentTabButton1" inherits="SkillsWindowTabButton" >
					<Anchors>
						<Anchor point="topleft" relativePoint="topleft">
							<AbsPoint x="13" y="44" />
						</Anchor>
					</Anchors>        
				</Button>
        
        <Button name="$parentTabButton2" inherits="SkillsWindowTabButton" >
					<Anchors>
						<Anchor point="topright" relativePoint="topleft" relativeTo="$parentTabButton1">
							<AbsPoint x="5" y="0" />
						</Anchor>
					</Anchors>
          <TextOffset x="5" y="0" />
				</Button>
        
        <Button name="$parentTabButton3" inherits="SkillsWindowTabButton" >
					<Anchors>
						<Anchor point="topright" relativePoint="topleft" relativeTo="$parentTabButton2">
							<AbsPoint x="5" y="0" />
						</Anchor>
					</Anchors>
				</Button>
        
        <Button name="$parentTabButton4" inherits="SkillsWindowTabButton" >
					<Anchors>
						<Anchor point="topright" relativePoint="topleft" relativeTo="$parentTabButton3">
							<AbsPoint x="5" y="0" />
						</Anchor>
					</Anchors>
				</Button>
        
        <Button name="$parentTabButton5" inherits="SkillsWindowTabButton" >
					<Anchors>
						<Anchor point="topright" relativePoint="topleft" relativeTo="$parentTabButton4">
							<AbsPoint x="5" y="0" />
						</Anchor>
					</Anchors>
				</Button>
        
        <Button name="$parentTabButton6" inherits="SkillsWindowTabButton" >
					<Anchors>
						<Anchor point="topright" relativePoint="topleft" relativeTo="$parentTabButton5">
							<AbsPoint x="5" y="0" />
						</Anchor>
					</Anchors>
				</Button>
        
        <Button name="$parentTabButton7" inherits="SkillsWindowTabButton" >
					<Anchors>
						<Anchor point="topright" relativePoint="topleft" relativeTo="$parentTabButton6">
							<AbsPoint x="5" y="0" />
						</Anchor>
					</Anchors>
				</Button>	
        
        <Button name="$parentTabButton8" inherits="SkillsWindowTabButton" >
					<Anchors>
						<Anchor point="topright" relativePoint="topleft" relativeTo="$parentTabButton7">
							<AbsPoint x="5" y="0" />
						</Anchor>
					</Anchors>
				</Button>	

				<Window name="$parentTabWindow1" inherits="SkillsWindowTabWindowTemplate" />
        <Window name="$parentTabWindow2" inherits="SkillsWindowTabWindowTemplate" />
        <Window name="$parentTabWindow3" inherits="SkillsWindowTabWindowTemplate" />
        <Window name="$parentTabWindow4" inherits="SkillsWindowTabWindowTemplate" />
        <Window name="$parentTabWindow5" inherits="SkillsWindowTabWindowTemplate" />
        <Window name="$parentTabWindow6" inherits="SkillsWindowTabWindowTemplate" />
        <Window name="$parentTabWindow7" inherits="SkillsWindowTabWindowTemplate" />
        <Window name="$parentTabWindow8" inherits="SkillsWindowTabWindowTemplate" />
                
				<Label name="$parentCustomHelp" font="UO_DefaultText" linespacing="20" maxchars="256" textalign="left" autoresize="true" handleinput="false" wordwrap="true" >
					<Size>
						<AbsPoint x="300" y="20" />
					</Size>
					<Anchors>
						<Anchor point="topleft" relativePoint="topleft" relativeTo="$parentTabWindow1">
							<AbsPoint x="12" y="12" />
						</Anchor>
					</Anchors>
					<Color r="255" g="255" b="255" a="255" />
				</Label>
				                
				<Button name="$parentSkillValueTypeToggleButton" inherits="SkillValueToggleButton" >
		        	<Anchors>
						<Anchor point="bottomleft" relativePoint="topleft" relativeTo="$parentTabWindow1">
							<AbsPoint x="0" y="0"/>
						</Anchor>
					</Anchors>
				</Button>
        
				<Button name="$parentSkillCapToggleButton" inherits="SkillCapToggleButton" >
		        	<Anchors>
						<Anchor point="topright" relativePoint="topleft" relativeTo="$parentSkillValueTypeToggleButton">
							<AbsPoint x="5" y="0"/>
						</Anchor>
					</Anchors>
				</Button>

        <Button name="$parentSkillsTrackerToggleButton" inherits="SkillsTrackerToggleButton" >
          <Anchors>
            <Anchor point="topright" relativePoint="topleft" relativeTo="$parentSkillCapToggleButton">
              <AbsPoint x="5" y="0"/>
            </Anchor>
          </Anchors>
        </Button>
        
				<Label name="$parentTotalSkillPoints" font="UO_Title" maxchars="64" textalign="left" handleinput="false" wordwrap="false" >
					<Size>
						<AbsPoint x="260" y="12" />
					</Size>
					<Anchors>
						<Anchor point="bottomright" relativePoint="bottomright" relativeTo="$parentTabWindow1">
							<AbsPoint x="25" y="25"/>
						</Anchor>
					</Anchors>
					<Color r="243" g="207" b="67" a="255" />
				</Label>

			</Windows>
		</Window>
		
	</Windows>
</Interface>