<Interface xmlns:xsi="http://www.w3.org/2001/XMLSchema-instance" xsi:noNamespaceSchemaLocation="../../Interface.xsd">
  <Scripts>
    <Script file="Source/TipoftheDayWindow.lua" />
  </Scripts>
  <Windows>
    <Window name="TipoftheDayWindow" movable="true" layer="popup">
      <Size>
        <AbsPoint x="580" y="200" />
      </Size>
      
      <Anchors>
        <Anchor point="top" relativePoint="top">
          <AbsPoint x="0" y="100" />
        </Anchor>
      </Anchors>
      
      <EventHandlers>
        <EventHandler event="OnInitialize" function="TipoftheDayWindow.Initialize" />
        <EventHandler event="OnShutdown" function="TipoftheDayWindow.Shutdown" />
      </EventHandlers>

      <Windows>
        
        <Window name="$parentChrome" inherits="UO_DefaultWindow">
          <Anchors>
            <Anchor point="topleft" relativePoint="topleft" />
            <Anchor point="bottomright" relativePoint="bottomright"/>
          </Anchors>
        </Window>

        <Label name="$parentText" font="UO_DefaultText" maxchars="512" textalign="left" wordwrap="true">
          <Size>
            <AbsPoint x="520" y="100"/>
          </Size>
          <Anchors>
            <Anchor point="topleft" relativePoint="topleft" relativeTo="$parent">
              <AbsPoint x="30" y="60" />
            </Anchor>
          </Anchors>
          <Color r="255" g="255" b="255" a="255" />
        </Label>

        <Window name="$parentShowOption" inherits="LabelCheckButton" id="1">
          <Anchors>
            <Anchor point="bottomleft" relativePoint="bottomleft">
              <AbsPoint x="10" y="-5" />
            </Anchor>
          </Anchors>
          <EventHandlers>
            <EventHandler event="OnLButtonUp" function="TipoftheDayWindow.ButtonUpShowOption" />
          </EventHandlers>
        </Window>

        <Button name="$parentClose" inherits="UO_Default_Small_Select_Button" textalign="top" >
          <Anchors>
            <Anchor point="bottomright" relativePoint="bottomright">
              <AbsPoint x="-15" y="-10" />
            </Anchor>
          </Anchors>
          <EventHandlers>
            <EventHandler event="OnLButtonUp" function="TipoftheDayWindow.ButtonUpClose"/>
          </EventHandlers>
        </Button>

        <Button name="$parentNext" inherits="UO_Default_Small_Select_Button" textalign="top" >
          <Anchors>
            <Anchor point="left" relativePoint="right" relativeTo="$parentClose">
              <AbsPoint x="-10" y="0" />
            </Anchor>
          </Anchors>
          <EventHandlers>
            <EventHandler event="OnLButtonUp" function="TipoftheDayWindow.ButtonUpNext"/>
          </EventHandlers>
        </Button>

      </Windows>
      
    </Window>
  </Windows>
</Interface>