<Interface xmlns:xsi="http://www.w3.org/2001/XMLSchema-instance" xsi:noNamespaceSchemaLocation="../../Interface.xsd">
  <Scripts>
    <Script file="Source/UserWaypointWindow.lua" />
  </Scripts>
  <Windows>
    <Window name="WaypointTextEntryFieldTemplate" handleinput="true">
      <Size>
        <AbsPoint x="350" y="50" />
      </Size>
      <Windows>
        <Label name="$parentPrompt" font="UO_DefaultText" linespacing="20" maxchars="15" textalign="left" autoresize="false" handleinput="false" wordwrap="true">
          <Size>
            <AbsPoint x="150" y="20" />
          </Size>
          <Anchors>
            <Anchor point="topleft" relativePoint="topleft" relativeTo="$parent">
              <AbsPoint x="0" y="16" />
            </Anchor>
          </Anchors>
          <Color r="255" g="255" b="255" a="255" />
        </Label>

        <Label name="$parentLabel" font="UO_DefaultText" linespacing="20" maxchars="64" textalign="left" autoresize="false" handleinput="false" wordwrap="true">
          <Size>
            <AbsPoint x="200" y="30" />
          </Size>
          <Anchors>
            <Anchor point="topright" relativePoint="topleft" relativeTo="$parentPrompt">
              <AbsPoint x="0" y="0" />
            </Anchor>
          </Anchors>
          <Color r="255" g="255" b="255" a="255" />
        </Label>

        <Window name="$parentText" handleinput="true">
          <Size>
            <AbsPoint x="200" y="30" />
          </Size>
          <Anchors>
            <Anchor point="topright" relativePoint="topleft" relativeTo="$parentPrompt">
              <AbsPoint x="0" y="-5" />
            </Anchor>
          </Anchors>
          <Windows>
            <FullResizeImage name="$parentBG" inherits="UO_Simple_Black_Background">
              <Anchors>
                <Anchor point="topleft" relativePoint="topleft" />
                <Anchor point="bottomright" relativePoint="bottomright" />
              </Anchors>
            </FullResizeImage>

            <FullResizeImage name="$parentFrame" inherits="UO_Default_Inner_Window_Frame">
              <Anchors>
                <Anchor point="topleft" relativePoint="topleft" />
                <Anchor point="bottomright" relativePoint="bottomright" />
              </Anchors>
            </FullResizeImage>

            <EditBox name="$parentEditBox" font="UO_DefaultText" taborder="1" maxchars="20" scrolling="horz">
              <Size>
                <AbsPoint x="200" y="20" />
              </Size>
              <TextOffset x="5" y="2" />
              <Anchors>
                <Anchor point="topleft" relativePoint="topleft" relativeTo="">
                  <AbsPoint x="0" y="2" />
                </Anchor>
              </Anchors>
            </EditBox>

          </Windows>
        </Window>
      </Windows>
    </Window>

    <Window name="WaypointNumEntryFieldTemplate" handleinput="true">
      <Size>
        <AbsPoint x="220" y="50" />
      </Size>
      <Windows>
        <Label name="$parentPrompt" font="UO_DefaultText" linespacing="20" maxchars="15" textalign="left" autoresize="false" handleinput="false" wordwrap="true">
          <Size>
            <AbsPoint x="150" y="20" />
          </Size>
          <Anchors>
            <Anchor point="topleft" relativePoint="topleft" relativeTo="$parent">
              <AbsPoint x="0" y="16" />
            </Anchor>
          </Anchors>
          <Color r="255" g="255" b="255" a="255" />
        </Label>

        <Label name="$parentLabel" font="UO_DefaultText" linespacing="20" maxchars="64" textalign="left" autoresize="false" handleinput="false" wordwrap="true">
          <Size>
            <AbsPoint x="70" y="30" />
          </Size>
          <Anchors>
            <Anchor point="topright" relativePoint="topleft" relativeTo="$parentPrompt">
              <AbsPoint x="0" y="0" />
            </Anchor>
          </Anchors>
          <Color r="255" g="255" b="255" a="255" />
        </Label>

        <Window name="$parentText" handleinput="true">
          <Size>
            <AbsPoint x="70" y="30" />
          </Size>
          <Anchors>
            <Anchor point="topright" relativePoint="topleft" relativeTo="$parentPrompt">
              <AbsPoint x="0" y="-5" />
            </Anchor>
          </Anchors>
          <Windows>
            <FullResizeImage name="$parentBG" inherits="UO_Simple_Black_Background">
              <Anchors>
                <Anchor point="topleft" relativePoint="topleft" />
                <Anchor point="bottomright" relativePoint="bottomright" />
              </Anchors>
            </FullResizeImage>

            <FullResizeImage name="$parentFrame" inherits="UO_Default_Inner_Window_Frame">
              <Anchors>
                <Anchor point="topleft" relativePoint="topleft" />
                <Anchor point="bottomright" relativePoint="bottomright" />
              </Anchors>
            </FullResizeImage>

            <EditBox name="$parentEditBox" font="UO_DefaultText" taborder="1" maxchars="6" scrolling="horz" input="nospaces">
              <Size>
                <AbsPoint x="70" y="20" />
              </Size>
              <TextOffset x="5" y="2" />
              <Anchors>
                <Anchor point="topleft" relativePoint="topleft" relativeTo="">
                  <AbsPoint x="0" y="2" />
                </Anchor>
              </Anchors>
            </EditBox>

          </Windows>
        </Window>
      </Windows>
    </Window>

    <Window name="UserWaypointWindow" movable="true" layer="popup">
      <Size>
        <AbsPoint x="500" y="400" />
      </Size>
      <Anchors>
        <Anchor point="center" relativePoint="center" relativeTo="">
          <AbsPoint x="0" y="0" />
        </Anchor>
      </Anchors>
      <EventHandlers>
        <EventHandler event="OnInitialize" function="UserWaypointWindow.Initialize" />
        <EventHandler event="OnShutdown" function="UserWaypointWindow.Shutdown" />
      </EventHandlers>
      <Windows>
        <!-- Default chrome. Alter this at your own peril. -->
        <Window name="$parentChrome" inherits="UO_DefaultWindow">
          <Anchors>
            <Anchor point="topleft" relativePoint="topleft"/>
            <Anchor point="bottomright" relativePoint="bottomright"/>
          </Anchors>
        </Window>
        <!-- End of default chrome boilerplate code -->

        <Window name="$parentName" inherits="WaypointTextEntryFieldTemplate">
          <Anchors>
            <Anchor point="topleft" relativePoint="topleft" relativeTo="">
              <AbsPoint x="55" y="60" />
            </Anchor>
          </Anchors>
        </Window>

        <Window name="$parentType" inherits="WaypointTextEntryFieldTemplate">
          <Anchors>
            <Anchor point="bottomleft" relativePoint="topleft" relativeTo="$parentName">
              <AbsPoint x="0" y="0" />
            </Anchor>
          </Anchors>
        </Window>

        <Window name="$parentFacet" inherits="WaypointTextEntryFieldTemplate">
          <Anchors>
            <Anchor point="bottomleft" relativePoint="topleft" relativeTo="$parentType">
              <AbsPoint x="0" y="0" />
            </Anchor>
          </Anchors>
        </Window>

        <Window name="$parentLat" inherits="WaypointNumEntryFieldTemplate">
          <Anchors>
            <Anchor point="bottomleft" relativePoint="topleft" relativeTo="$parentFacet">
              <AbsPoint x="0" y="0" />
            </Anchor>
          </Anchors>
        </Window>

        <ComboBox name="$parentLatDirCombo" inherits="UO_Default_ComboBox" >
          <Anchors>
            <Anchor point="topright" relativePoint="topleft" relativeTo="$parentLat">
              <AbsPoint x="10" y="13" />
            </Anchor>
          </Anchors>
        </ComboBox>

        <Window name="$parentLong" inherits="WaypointNumEntryFieldTemplate">
          <Anchors>
            <Anchor point="bottomleft" relativePoint="topleft" relativeTo="$parentLat">
              <AbsPoint x="0" y="0" />
            </Anchor>
          </Anchors>
        </Window>

        <ComboBox name="$parentLongDirCombo" inherits="UO_Default_ComboBox" >
          <Anchors>
            <Anchor point="topright" relativePoint="topleft" relativeTo="$parentLong">
              <AbsPoint x="10" y="13" />
            </Anchor>
          </Anchors>
        </ComboBox>

        <Window name="$parentX" inherits="WaypointNumEntryFieldTemplate">
          <Anchors>
            <Anchor point="bottomleft" relativePoint="topleft" relativeTo="$parentFacet">
              <AbsPoint x="0" y="0" />
            </Anchor>
          </Anchors>
        </Window>

        <Window name="$parentY" inherits="WaypointNumEntryFieldTemplate">
          <Anchors>
            <Anchor point="bottomleft" relativePoint="topleft" relativeTo="$parentX">
              <AbsPoint x="0" y="0" />
            </Anchor>
          </Anchors>
        </Window>

        <Button name="$parentToggleCoordButton" inherits="UO_Default_Radio_Button">
          <Anchors>
            <Anchor point="left" relativePoint="right" relativeTo="$parentLat">
              <AbsPoint x="-10" y="0" />
            </Anchor>
          </Anchors>
          <EventHandlers>
            <EventHandler event="OnLButtonUp" function="UserWaypointWindow.ToggleCoord" />
            <EventHandler event="OnMouseOver" function="UserWaypointWindow.ToggleCoordMouseOver" />
          </EventHandlers>
        </Button>

        <Button name="$parentOKButton" inherits="UO_Default_Medium_Select_Button">
          <Anchors>
            <Anchor point="bottomleft" relativePoint="bottomleft" relativeTo="">
              <AbsPoint x="20" y="-20" />
            </Anchor>
          </Anchors>
          <EventHandlers>
            <EventHandler event="OnLButtonUp" function="UserWaypointWindow.OnOkay" />
          </EventHandlers>
        </Button>

        <Button name="$parentCancelButton" inherits="UO_Default_Medium_Select_Button">
          <Anchors>
            <Anchor point="bottomright" relativePoint="bottomright" relativeTo="">
              <AbsPoint x="-20" y="-20" />
            </Anchor>
          </Anchors>
          <EventHandlers>
            <EventHandler event="OnLButtonUp" function="UserWaypointWindow.OnCancel" />
          </EventHandlers>
        </Button>

      </Windows>
    </Window>

  </Windows>
</Interface>